elapsed_s,value,temp,kind
0.033,5543982,32.1,raw
0.230,5544211,32.1,raw
0.302,5544423,32.1,raw
0.496,5544616,32.1,raw
0.565,5544798,32.1,raw
0.760,5544970,32.1,raw
0.830,5545134,32.1,raw
1.024,5545288,32.1,raw
1.096,5545433,32.2,raw
1.292,5545571,32.2,raw
1.362,5545705,32.2,raw
1.556,5545839,32.2,raw
1.626,5545969,32.2,raw
1.820,5546096,32.2,raw
1.890,5546222,32.2,raw
2.087,5546348,32.1,raw
2.159,5546472,32.1,raw
2.353,5546589,32.1,raw
2.422,5546701,32.1,raw
2.616,5546809,32.1,raw
2.686,5546915,32.1,raw
2.880,5547016,32.1,raw
2.953,5547111,32.1,raw
3.149,5547204,32.1,raw
3.219,5547294,32.1,raw
3.412,5547382,32.1,raw
3.483,5547467,32.1,raw
3.677,5547549,32.1,raw
3.747,5547628,32.1,raw
3.943,5547703,32.1,raw
4.015,5547776,32.1,raw
4.210,5547849,32.1,raw
4.280,5547922,32.1,raw
4.474,5548001,32.1,raw
4.543,5548086,32.1,raw
4.736,5548175,32.1,raw
4.810,5548264,32.1,raw
5.006,5548354,32.1,raw
5.076,5548446,32.1,raw
5.270,5548537,32.1,raw
5.340,5548630,32.1,raw
5.533,5548724,32.1,raw
5.603,5548817,32.1,raw
5.800,5548903,32.2,raw
5.872,5548983,32.2,raw
6.066,5549058,32.2,raw
6.136,5549127,32.2,raw
6.330,5549192,32.2,raw
6.400,5549255,32.2,raw
6.594,5549315,32.2,raw
6.667,5549373,32.1,raw
6.863,5549430,32.1,raw
6.932,5549485,32.1,raw
7.127,5549540,32.1,raw
7.197,5549595,32.1,raw
7.391,5549648,32.1,raw
7.461,5549701,32.1,raw
7.657,5549755,32.1,raw
7.729,5549810,32.1,raw
7.923,5549866,32.1,raw
7.993,5549922,32.1,raw
8.187,5549978,32.1,raw
8.257,5550034,32.1,raw
8.451,5550089,32.1,raw
8.524,5550143,32.1,raw
8.719,5550193,32.1,raw
8.790,5550240,32.1,raw
8.984,5550284,32.1,raw
9.053,5550327,32.1,raw
9.248,5550365,32.1,raw
9.317,5550398,32.1,raw
9.514,5550429,32.2,raw
9.586,5550456,32.2,raw
9.780,5550484,32.2,raw
9.850,5550515,32.2,raw
10.044,5550549,32.2,raw
10.114,5550585,32.2,raw
10.308,5550622,32.2,raw
10.381,5550662,32.2,raw
10.577,5550704,32.2,raw
10.646,5550744,32.2,raw
10.840,5550785,32.2,raw
10.910,5550826,32.2,raw
11.104,5550867,32.2,raw
11.174,5550907,32.2,raw
11.372,5550948,32.2,raw
11.443,5550988,32.2,raw
11.636,5551029,32.2,raw
11.707,5551068,32.2,raw
11.901,5551104,32.2,raw
11.970,5551133,32.2,raw
12.165,5551156,32.2,raw
12.238,5551175,32.2,raw
12.434,5551196,32.2,raw
12.504,5551221,32.2,raw
12.697,5551248,32.2,raw
12.767,5551277,32.2,raw
12.961,5551307,32.2,raw
13.031,5551338,32.2,raw
13.228,5551370,32.1,raw
13.300,5551404,32.1,raw
13.494,5551443,32.1,raw
13.564,5551486,32.1,raw
13.758,5551532,32.1,raw
13.827,5551579,32.1,raw
14.021,5551624,32.1,raw
14.094,5551661,32.2,raw
14.290,5551692,32.2,raw
14.360,5551720,32.2,raw
14.554,5551746,32.2,raw
14.624,5551768,32.2,raw
14.818,5551788,32.2,raw
14.888,5551810,32.2,raw
15.085,5551831,32.2,raw
15.157,5551853,32.2,raw
15.351,5551877,32.2,raw
15.421,5551903,32.2,raw
15.615,5551930,32.2,raw
15.684,5551957,32.2,raw
15.878,5551984,32.2,raw
15.952,5552009,32.2,raw
16.147,5552033,32.2,raw
16.217,5552062,32.2,raw
16.411,5552094,32.2,raw
16.481,5552129,32.2,raw
16.674,5552159,32.2,raw
16.745,5552185,32.2,raw
16.942,5552208,32.2,raw
17.014,5552229,32.2,raw
17.207,5552247,32.2,raw
17.278,5552264,32.2,raw
17.471,5552280,32.2,raw
17.541,5552295,32.2,raw
17.735,5552306,32.2,raw
17.808,5552315,32.2,raw
18.004,5552324,32.2,raw
18.073,5552334,32.2,raw
18.268,5552343,32.2,raw
18.337,5552356,32.2,raw
18.532,5552373,32.2,raw
18.601,5552389,32.2,raw
18.798,5552405,32.2,raw
18.870,5552421,32.2,raw
19.064,5552436,32.2,raw
19.135,5552446,32.2,raw
19.328,5552455,32.2,raw
19.398,5552461,32.2,raw
19.591,5552465,32.2,raw
19.665,5552467,32.2,raw
19.860,5552468,32.2,raw
19.931,5552469,32.2,raw
20.124,5552469,32.2,raw
20.194,5552471,32.2,raw
20.388,5552474,32.2,raw
20.459,5552477,32.2,raw
20.655,5552480,32.2,raw
20.727,5552483,32.2,raw
20.921,5552488,32.2,raw
20.991,5552492,32.2,raw
21.185,5552497,32.2,raw
21.255,5552502,32.2,raw
21.449,5552507,32.2,raw
21.522,5552512,32.2,raw
21.718,5552516,32.2,raw
21.787,5552519,32.2,raw
21.981,5552522,32.2,raw
22.051,5552525,32.2,raw
22.245,5552527,32.2,raw
22.315,5552527,32.2,raw
22.513,5552527,32.2,raw
22.584,5552528,32.2,raw
22.778,5552528,32.2,raw
22.848,5552528,32.2,raw
23.042,5552529,32.2,raw
23.112,5552531,32.2,raw
23.305,5552533,32.2,raw
23.379,5552537,32.2,raw
23.574,5552544,32.2,raw
23.644,5552552,32.2,raw
23.838,5552558,32.2,raw
23.908,5552565,32.2,raw
24.102,5552569,32.2,raw
24.172,5552572,32.2,raw
24.369,5552573,32.2,raw
24.441,5552573,32.2,raw
24.635,5552572,32.2,raw
24.705,5552571,32.2,raw
24.899,5552569,32.2,raw
24.969,5552567,32.2,raw
25.163,5552565,32.2,raw
25.236,5552565,32.2,raw
25.432,5552565,32.2,raw
25.501,5552565,32.2,raw
25.695,5552565,32.2,raw
25.765,5552565,32.2,raw
25.959,5552566,32.2,raw
26.029,5552566,32.2,raw
26.226,5552566,32.2,raw
26.298,5552566,32.2,raw
26.492,5552564,32.2,raw
26.561,5552560,32.2,raw
26.756,5552554,32.2,raw
26.826,5552545,32.2,raw
27.019,5552537,32.2,raw
27.092,5552529,32.2,raw
27.288,5552521,32.2,raw
27.358,5552515,32.2,raw
27.553,5552510,32.2,raw
27.622,5552505,32.2,raw
27.816,5552499,32.2,raw
27.885,5552494,32.2,raw
28.083,5552490,32.2,raw
28.155,5552483,32.2,raw
28.348,5552479,32.2,raw
28.419,5552476,32.2,raw
28.613,5552474,32.2,raw
28.682,5552473,32.2,raw
28.876,5552473,32.2,raw
28.949,5552474,32.2,raw
29.145,5552477,32.2,raw
29.215,5552481,32.2,raw
29.409,5552487,32.2,raw
29.479,5552494,32.2,raw
29.673,5552501,32.2,raw
29.743,5552507,32.2,raw
29.940,5552515,32.2,raw
30.011,5552524,32.2,raw
30.205,5552533,32.2,raw
30.276,5552540,32.2,raw
30.469,5552545,32.2,raw
30.540,5552549,32.2,raw
30.733,5552554,32.2,raw
30.806,5552561,32.2,raw
31.002,5552569,32.2,raw
31.072,5552578,32.2,raw
31.266,5552586,32.2,raw
31.336,5552594,32.2,raw
31.530,5552601,32.2,raw
31.600,5552607,32.2,raw
31.797,5552612,32.2,raw
31.868,5552618,32.2,raw
32.062,5552622,32.2,raw
32.132,5552625,32.2,raw
32.326,5552629,32.2,raw
32.396,5552634,32.2,raw
32.590,5552638,32.2,raw
32.663,5552643,32.3,raw
32.859,5552650,32.3,raw
32.929,5552659,32.3,raw
33.123,5552669,32.3,raw
33.193,5552681,32.3,raw
33.386,5552692,32.3,raw
33.457,5552701,32.3,raw
33.654,5552707,32.3,raw
33.725,5552712,32.3,raw
33.919,5552716,32.3,raw
33.989,5552719,32.3,raw
34.183,5552722,32.3,raw
34.253,5552724,32.3,raw
34.447,5552726,32.3,raw
34.520,5552731,32.3,raw
34.715,5552742,32.3,raw
34.785,5552759,32.3,raw
34.979,5552780,32.3,raw
35.050,5552803,32.3,raw
35.244,5552828,32.3,raw
35.314,5552852,32.3,raw
35.510,5552876,32.3,raw
35.582,5552901,32.3,raw
35.776,5552929,32.3,raw
35.846,5552959,32.3,raw
36.040,5552990,32.3,raw
36.110,5553021,32.3,raw
36.304,5553055,32.3,raw
36.376,5553091,32.2,raw
36.573,5553129,32.2,raw
36.642,5553169,32.2,raw
36.837,5553210,32.2,raw
36.906,5553251,32.2,raw
37.101,5553292,32.2,raw
37.170,5553334,32.2,raw
37.367,5553377,32.3,raw
37.439,5553419,32.3,raw
37.633,5553462,32.3,raw
37.703,5553504,32.3,raw
37.897,5553547,32.3,raw
37.967,5553589,32.3,raw
38.160,5553630,32.3,raw
38.233,5553671,32.3,raw
38.429,5553713,32.3,raw
38.500,5553755,32.3,raw
38.693,5553797,32.3,raw
38.763,5553838,32.3,raw
38.957,5553874,32.3,raw
39.027,5553905,32.3,raw
39.224,5553932,32.3,raw
39.296,5553954,32.3,raw
39.490,5553975,32.3,raw
39.560,5553996,32.3,raw
39.754,5554016,32.3,raw
39.823,5554035,32.3,raw
40.017,5554050,32.3,raw
40.090,5554063,32.3,raw
40.286,5554075,32.3,raw
40.356,5554086,32.3,raw
40.550,5554096,32.3,raw
40.620,5554106,32.3,raw
40.814,5554115,32.3,raw
40.884,5554123,32.3,raw
41.081,5554127,32.3,raw
41.153,5554124,32.3,raw
41.346,5554113,32.3,raw
41.416,5554096,32.3,raw
41.611,5554078,32.3,raw
41.681,5554062,32.3,raw
41.875,5554048,32.3,raw
41.948,5554036,32.3,raw
42.143,5554030,32.3,raw
42.213,5554028,32.3,raw
42.407,5554025,32.3,raw
42.477,5554021,32.3,raw
42.671,5554015,32.3,raw
42.741,5554008,32.3,raw
42.938,5554002,32.3,raw
43.010,5553996,32.3,raw
43.204,5553993,32.3,raw
43.274,5553990,32.3,raw
43.467,5553988,32.3,raw
43.538,5553988,32.3,raw
43.731,5553987,32.3,raw
43.804,5553986,32.3,raw
44.000,5553986,32.3,raw
44.070,5553988,32.3,raw
44.264,5553990,32.3,raw
44.334,5553994,32.3,raw
44.527,5554001,32.3,raw
44.598,5554010,32.3,raw
44.794,5554020,32.2,raw
44.867,5554030,32.2,raw
45.060,5554039,32.2,raw
45.131,5554047,32.2,raw
45.324,5554054,32.2,raw
45.394,5554062,32.2,raw
45.588,5554071,32.2,raw
45.661,5554081,32.3,raw
45.857,5554093,32.3,raw
45.927,5554105,32.3,raw
46.120,5554116,32.3,raw
46.191,5554128,32.3,raw
46.385,5554136,32.3,raw
46.454,5554142,32.3,raw
46.651,5554149,32.3,raw
46.723,5554157,32.3,raw
46.917,5554166,32.3,raw
46.987,5554174,32.3,raw
47.181,5554181,32.3,raw
47.251,5554188,32.3,raw
47.445,5554194,32.3,raw
47.518,5554200,32.3,raw
47.714,5554206,32.3,raw
47.784,5554212,32.3,raw
47.978,5554219,32.3,raw
48.048,5554226,32.3,raw
48.241,5554232,32.3,raw
48.311,5554237,32.3,raw
48.509,5554239,32.3,raw
48.581,5554239,32.3,raw
48.774,5554237,32.3,raw
48.843,5554232,32.3,raw
49.037,5554226,32.3,raw
49.108,5554220,32.3,raw
49.302,5554215,32.3,raw
49.375,5554213,32.3,raw
49.571,5554215,32.3,raw
49.641,5554224,32.3,raw
49.835,5554239,32.3,raw
49.905,5554257,32.3,raw
50.098,5554272,32.3,raw
50.168,5554284,32.3,raw
50.366,5554293,32.3,raw
50.437,5554300,32.3,raw
50.631,5554304,32.3,raw
50.701,5554306,32.3,raw
50.895,5554307,32.3,raw
50.965,5554307,32.3,raw
51.158,5554306,32.3,raw
51.231,5554304,32.3,raw
51.427,5554301,32.3,raw
51.498,5554298,32.3,raw
51.691,5554295,32.3,raw
51.761,5554292,32.3,raw
51.955,5554287,32.3,raw
52.025,5554281,32.3,raw
52.222,5554276,32.3,raw
52.294,5554270,32.3,raw
52.488,5554263,32.3,raw
52.558,5554256,32.3,raw
52.751,5554255,32.3,raw
52.822,5554255,32.3,raw
53.016,5554257,32.3,raw
53.089,5554260,32.3,raw
53.285,5554264,32.3,raw
53.354,5554267,32.3,raw
53.548,5554269,32.3,raw
53.618,5554269,32.3,raw
53.812,5554267,32.3,raw
53.881,5554264,32.3,raw
54.079,5554258,32.3,raw
54.151,5554251,32.3,raw
54.345,5554244,32.3,raw
54.415,5554238,32.3,raw
54.609,5554231,32.3,raw
54.679,5554224,32.3,raw
54.872,5554219,32.3,raw
54.945,5554215,32.3,raw
55.141,5554211,32.3,raw
55.211,5554207,32.3,raw
55.405,5554205,32.3,raw
55.475,5554204,32.3,raw
55.669,5554204,32.3,raw
55.739,5554204,32.3,raw
55.936,5554204,32.3,raw
56.008,5554204,32.3,raw
56.201,5554207,32.3,raw
56.271,5554213,32.3,raw
56.465,5554219,32.3,raw
56.535,5554226,32.3,raw
56.729,5554234,32.3,raw
56.802,5554241,32.3,raw
56.998,5554245,32.3,raw
57.068,5554246,32.3,raw
57.262,5554245,32.3,raw
57.332,5554241,32.3,raw
57.526,5554237,32.3,raw
57.596,5554233,32.3,raw
57.793,5554229,32.3,raw
57.864,5554225,32.3,raw
58.058,5554222,32.3,raw
58.128,5554220,32.3,raw
58.322,5554219,32.3,raw
58.392,5554219,32.3,raw
58.586,5554221,32.3,raw
58.659,5554223,32.3,raw
58.856,5554223,32.3,raw
58.925,5554219,32.3,raw
59.118,5554212,32.3,raw
59.189,5554203,32.3,raw
59.383,5554193,32.3,raw
59.452,5554182,32.3,raw
59.649,5554171,32.3,raw
59.722,5554160,32.3,raw
59.916,5554153,32.3,raw
59.985,5554148,32.3,raw
60.179,5554147,32.3,raw
60.249,5554147,32.3,raw
60.443,5554148,32.3,raw
60.516,5554147,32.3,raw
60.712,5554144,32.3,raw
60.782,5554139,32.3,raw
60.976,5554132,32.3,raw
61.045,5554128,32.3,raw
61.240,5554126,32.3,raw
61.310,5554124,32.3,raw
61.506,5554124,32.3,raw
61.578,5554124,32.3,raw
61.772,5554123,32.3,raw
61.842,5554122,32.3,raw
62.036,5554120,32.3,raw
62.106,5554118,32.3,raw
62.300,5554115,32.3,raw
62.373,5554112,32.3,raw
62.568,5554108,32.3,raw
62.638,5554102,32.3,raw
62.833,5554095,32.3,raw
62.902,5554087,32.3,raw
63.096,5554083,32.3,raw
63.166,5554083,32.3,raw
63.364,5554083,32.3,raw
63.435,5554083,32.3,raw
63.629,5554083,32.3,raw
63.699,5554083,32.3,raw
63.893,5554084,32.3,raw
63.963,5554084,32.3,raw
64.156,5554083,32.3,raw
64.230,5554080,32.3,raw
64.426,5554075,32.3,raw
64.496,5554069,32.3,raw
64.690,5554064,32.3,raw
64.760,5554060,32.3,raw
64.953,5554057,32.3,raw
65.023,5554058,32.3,raw
65.220,5554059,32.3,raw
65.292,5554058,32.3,raw
65.486,5554057,32.3,raw
65.555,5554057,32.3,raw
65.750,5554057,32.3,raw
65.820,5554057,32.3,raw
66.014,5554057,32.3,raw
66.087,5554057,32.3,raw
66.283,5554057,32.3,raw
66.352,5554057,32.3,raw
66.546,5554057,32.3,raw
66.616,5554058,32.3,raw
66.810,5554061,32.3,raw
66.880,5554064,32.3,raw
67.076,5554067,32.3,raw
67.149,5554067,32.3,raw
67.343,5554066,32.3,raw
67.413,5554065,32.3,raw
67.606,5554065,32.3,raw
67.676,5554068,32.3,raw
67.870,5554074,32.3,raw
67.943,5554082,32.3,raw
68.139,5554091,32.3,raw
68.209,5554099,32.3,raw
68.403,5554105,32.3,raw
68.473,5554110,32.3,raw
68.667,5554114,32.3,raw
68.737,5554117,32.3,raw
68.934,5554117,32.3,raw
69.006,5554117,32.3,raw
69.200,5554117,32.3,raw
69.270,5554114,32.3,raw
69.463,5554112,32.3,raw
69.534,5554110,32.3,raw
69.727,5554106,32.3,raw
69.800,5554101,32.3,raw
69.996,5554095,32.3,raw
70.066,5554089,32.3,raw
70.260,5554083,32.3,raw
70.330,5554080,32.3,raw
70.524,5554078,32.3,raw
70.594,5554078,32.3,raw
70.791,5554078,32.3,raw
70.863,5554078,32.3,raw
71.056,5554078,32.3,raw
71.126,5554077,32.3,raw
71.320,5554076,32.3,raw
71.391,5554076,32.3,raw
71.584,5554078,32.3,raw
71.657,5554079,32.4,raw
71.853,5554079,32.4,raw
71.923,5554078,32.4,raw
72.117,5554075,32.4,raw
72.187,5554071,32.4,raw
72.381,5554067,32.4,raw
72.451,5554065,32.4,raw
72.648,5554065,32.3,raw
72.720,5554065,32.3,raw
72.914,5554065,32.3,raw
72.983,5554065,32.3,raw
73.177,5554066,32.3,raw
73.247,5554067,32.3,raw
73.441,5554070,32.3,raw
73.515,5554074,32.3,raw
73.710,5554078,32.3,raw
73.780,5554082,32.3,raw
73.974,5554087,32.3,raw
74.044,5554092,32.3,raw
74.238,5554097,32.3,raw
74.307,5554103,32.3,raw
74.505,5554110,32.3,raw
74.576,5554115,32.3,raw
74.770,5554119,32.3,raw
74.840,5554122,32.3,raw
75.034,5554125,32.3,raw
75.104,5554127,32.3,raw
75.298,5554129,32.3,raw
75.371,5554132,32.4,raw
75.567,5554135,32.4,raw
75.637,5554137,32.4,raw
75.831,5554138,32.4,raw
75.900,5554140,32.4,raw
76.094,5554146,32.4,raw
76.163,5554151,32.4,raw
76.362,5554157,32.4,raw
76.433,5554163,32.4,raw
76.627,5554167,32.4,raw
76.697,5554169,32.4,raw
76.891,5554170,32.4,raw
76.961,5554171,32.4,raw
77.155,5554173,32.4,raw
77.228,5554178,32.4,raw
77.424,5554186,32.4,raw
77.493,5554197,32.4,raw
77.688,5554209,32.4,raw
77.757,5554222,32.4,raw
77.951,5554234,32.4,raw
78.022,5554244,32.4,raw
78.218,5554253,32.3,raw
78.290,5554259,32.3,raw
78.484,5554264,32.3,raw
78.554,5554265,32.3,raw
78.748,5554265,32.3,raw
78.817,5554265,32.3,raw
79.011,5554265,32.3,raw
79.085,5554265,32.4,raw
79.281,5554265,32.4,raw
79.351,5554264,32.4,raw
79.543,5554264,32.4,raw
79.614,5554264,32.4,raw
79.808,5554265,32.4,raw
79.878,5554268,32.4,raw
80.075,5554272,32.4,raw
80.147,5554275,32.4,raw
80.341,5554276,32.4,raw
80.411,5554277,32.4,raw
80.605,5554276,32.4,raw
80.674,5554276,32.4,raw
80.868,5554278,32.4,raw
80.942,5554282,32.4,raw
81.138,5554286,32.4,raw
81.207,5554291,32.4,raw
81.401,5554296,32.4,raw
81.470,5554299,32.4,raw
81.665,5554298,32.4,raw
81.735,5554292,32.4,raw
81.932,5554283,32.4,raw
82.004,5554272,32.4,raw
82.198,5554261,32.4,raw
82.268,5554252,32.4,raw
82.461,5554245,32.4,raw
82.532,5554238,32.4,raw
82.725,5554230,32.4,raw
82.798,5554223,32.4,raw
82.995,5554215,32.4,raw
83.064,5554207,32.4,raw
83.258,5554198,32.4,raw
83.328,5554190,32.4,raw
83.522,5554183,32.4,raw
83.592,5554177,32.4,raw
83.788,5554172,32.4,raw
83.861,5554167,32.4,raw
84.055,5554161,32.4,raw
84.125,5554155,32.4,raw
84.318,5554148,32.4,raw
84.388,5554141,32.4,raw
84.582,5554135,32.4,raw
84.655,5554129,32.4,raw
84.851,5554125,32.4,raw
84.921,5554121,32.4,raw
85.115,5554114,32.4,raw
85.185,5554104,32.4,raw
85.379,5554095,32.4,raw
85.448,5554085,32.4,raw
85.646,5554076,32.4,raw
85.717,5554067,32.4,raw
85.912,5554061,32.4,raw
85.982,5554057,32.4,raw
86.175,5554055,32.4,raw
86.245,5554054,32.4,raw
86.439,5554054,32.4,raw
86.512,5554056,32.4,raw
86.708,5554061,32.4,raw
86.778,5554071,32.4,raw
86.971,5554085,32.4,raw
87.042,5554102,32.4,raw
87.235,5554117,32.4,raw
87.305,5554128,32.4,raw
87.503,5554136,32.4,raw
87.574,5554140,32.4,raw
87.768,5554141,32.4,raw
87.838,5554141,32.4,raw
88.032,5554139,32.4,raw
88.102,5554137,32.4,raw
88.296,5554136,32.4,raw
88.369,5554135,32.4,raw
88.564,5554132,32.4,raw
88.635,5554129,32.4,raw
88.829,5554126,32.4,raw
88.898,5554122,32.4,raw
89.092,5554119,32.4,raw
89.162,5554116,32.4,raw
89.359,5554117,32.4,raw
89.431,5554121,32.4,raw
89.625,5554124,32.4,raw
89.695,5554127,32.4,raw
89.889,5554132,32.4,raw
89.959,5554136,32.4,raw
90.153,5554142,32.4,raw
90.226,5554149,32.4,raw
90.422,5554158,32.4,raw
90.492,5554166,32.4,raw
90.685,5554174,32.4,raw
90.756,5554179,32.4,raw
90.949,5554180,32.4,raw
91.019,5554179,32.4,raw
91.217,5554176,32.4,raw
91.288,5554172,32.4,raw
91.482,5554171,32.4,raw
91.552,5554173,32.4,raw
91.746,5554177,32.4,raw
91.816,5554184,32.4,raw
92.010,5554194,32.4,raw
92.083,5554204,32.4,raw
92.278,5554213,32.4,raw
92.349,5554221,32.4,raw
92.542,5554228,32.4,raw
92.613,5554236,32.4,raw
92.806,5554246,32.4,raw
92.876,5554257,32.4,raw
93.073,5554266,32.4,raw
93.145,5554276,32.4,raw
93.339,5554283,32.4,raw
93.409,5554288,32.4,raw
93.603,5554292,32.4,raw
93.673,5554294,32.4,raw
93.866,5554295,32.4,raw
93.940,5554295,32.5,raw
94.136,5554294,32.5,raw
94.205,5554294,32.5,raw
94.399,5554294,32.5,raw
94.469,5554293,32.5,raw
94.663,5554291,32.5,raw
94.733,5554290,32.5,raw
94.930,5554288,32.4,raw
95.002,5554284,32.4,raw
95.196,5554279,32.4,raw
95.266,5554274,32.4,raw
95.459,5554269,32.4,raw
95.529,5554263,32.4,raw
95.723,5554257,32.4,raw
95.796,5554252,32.4,raw
95.992,5554247,32.4,raw
96.063,5554244,32.4,raw
96.256,5554244,32.4,raw
96.326,5554244,32.4,raw
96.520,5554246,32.4,raw
96.590,5554248,32.4,raw
96.787,5554248,32.4,raw
96.859,5554248,32.4,raw
97.052,5554247,32.4,raw
97.123,5554244,32.4,raw
97.317,5554243,32.4,raw
97.387,5554242,32.4,raw
97.580,5554242,32.4,raw
97.653,5554244,32.4,raw
97.849,5554247,32.4,raw
97.919,5554250,32.4,raw
98.113,5554253,32.4,raw
98.183,5554256,32.4,raw
98.377,5554259,32.4,raw
98.446,5554262,32.4,raw
98.643,5554262,32.5,raw
98.716,5554262,32.5,raw
98.909,5554261,32.5,raw
98.979,5554258,32.5,raw
99.173,5554257,32.5,raw
99.243,5554257,32.5,raw
99.437,5554259,32.5,raw
99.510,5554261,32.5,raw
99.706,5554263,32.5,raw
99.776,5554265,32.5,raw
99.970,5554267,32.5,raw
100.040,5554268,32.5,raw
100.234,5554269,32.5,raw
100.304,5554269,32.5,raw
100.500,5554268,32.5,raw
100.572,5554267,32.5,raw
100.767,5554266,32.5,raw
100.836,5554266,32.5,raw
101.030,5554269,32.5,raw
101.100,5554273,32.5,raw
101.294,5554278,32.5,raw
101.367,5554283,32.4,raw
101.563,5554289,32.4,raw
101.633,5554294,32.4,raw
101.827,5554299,32.4,raw
101.896,5554304,32.4,raw
102.091,5554309,32.4,raw
102.160,5554313,32.4,raw
102.357,5554318,32.5,raw
102.429,5554322,32.5,raw
102.623,5554325,32.5,raw
102.693,5554326,32.5,raw
102.887,5554327,32.5,raw
102.957,5554327,32.5,raw
103.151,5554326,32.5,raw
103.224,5554326,32.5,raw
103.420,5554326,32.5,raw
103.490,5554326,32.5,raw
103.684,5554327,32.5,raw
103.754,5554330,32.5,raw
103.947,5554334,32.5,raw
104.017,5554337,32.5,raw
104.214,5554339,32.5,raw
104.286,5554340,32.5,raw
104.480,5554337,32.5,raw
104.550,5554332,32.5,raw
104.744,5554327,32.5,raw
104.814,5554321,32.5,raw
105.008,5554313,32.5,raw
105.081,5554305,32.4,raw
105.277,5554296,32.4,raw
105.346,5554286,32.4,raw
105.540,5554276,32.4,raw
105.611,5554267,32.4,raw
105.804,5554255,32.4,raw
105.874,5554245,32.4,raw
106.071,5554236,32.5,raw
106.143,5554228,32.5,raw
106.337,5554220,32.5,raw
106.406,5554214,32.5,raw
106.601,5554208,32.5,raw
106.671,5554202,32.5,raw
106.864,5554195,32.5,raw
106.938,5554189,32.5,raw
107.133,5554183,32.5,raw
107.203,5554177,32.5,raw
107.398,5554175,32.5,raw
107.467,5554174,32.5,raw
107.661,5554174,32.5,raw
107.730,5554174,32.5,raw
107.928,5554174,32.5,raw
108.000,5554174,32.5,raw
108.193,5554174,32.5,raw
108.264,5554177,32.5,raw
108.458,5554182,32.5,raw
108.528,5554188,32.5,raw
108.722,5554198,32.5,raw
108.795,5554208,32.5,raw
108.990,5554216,32.5,raw
109.060,5554222,32.5,raw
109.254,5554226,32.5,raw
109.325,5554229,32.5,raw
109.518,5554232,32.5,raw
109.588,5554234,32.5,raw
109.785,5554237,32.5,raw
109.857,5554241,32.5,raw
110.050,5554248,32.5,raw
110.120,5554255,32.5,raw
110.315,5554261,32.5,raw
110.385,5554266,32.5,raw
110.578,5554270,32.5,raw
110.652,5554272,32.5,raw
110.848,5554272,32.5,raw
110.917,5554272,32.5,raw
111.111,5554272,32.5,raw
111.181,5554273,32.5,raw
111.375,5554277,32.5,raw
111.444,5554283,32.5,raw
111.642,5554286,32.5,raw
111.714,5554286,32.5,raw
111.908,5554284,32.5,raw
111.977,5554280,32.5,raw
112.171,5554274,32.5,raw
112.242,5554266,32.5,raw
112.435,5554256,32.5,raw
112.508,5554246,32.5,raw
112.703,5554236,32.5,raw
112.774,5554228,32.5,raw
112.968,5554222,32.5,raw
113.038,5554217,32.5,raw
113.231,5554213,32.5,raw
113.301,5554209,32.5,raw
113.499,5554206,32.5,raw
113.571,5554203,32.5,raw
113.763,5554201,32.5,raw
113.834,5554198,32.5,raw
114.028,5554193,32.5,raw
114.099,5554186,32.5,raw
114.292,5554177,32.5,raw
114.365,5554167,32.5,raw
114.561,5554157,32.5,raw
114.630,5554149,32.5,raw
114.825,5554143,32.5,raw
114.895,5554141,32.5,raw
115.088,5554143,32.5,raw
115.158,5554149,32.5,raw
115.355,5554158,32.5,raw
115.427,5554167,32.5,raw
115.621,5554172,32.5,raw
115.691,5554173,32.5,raw
115.885,5554173,32.5,raw
115.955,5554173,32.5,raw
116.149,5554173,32.5,raw
116.222,5554174,32.5,raw
116.418,5554177,32.5,raw
116.488,5554182,32.5,raw
116.682,5554189,32.5,raw
116.752,5554198,32.5,raw
116.945,5554207,32.5,raw
117.015,5554216,32.5,raw
117.212,5554225,32.5,raw
117.284,5554234,32.5,raw
117.478,5554243,32.5,raw
117.548,5554253,32.5,raw
117.742,5554261,32.5,raw
117.812,5554268,32.5,raw
118.006,5554274,32.5,raw
118.079,5554284,32.5,raw
118.275,5554296,32.5,raw
118.344,5554311,32.5,raw
118.538,5554327,32.5,raw
118.608,5554343,32.5,raw
118.803,5554359,32.5,raw
118.872,5554370,32.5,raw
119.069,5554378,32.5,raw
119.141,5554381,32.5,raw
119.335,5554380,32.5,raw
119.405,5554376,32.5,raw
119.599,5554370,32.5,raw
119.668,5554364,32.5,raw
119.862,5554361,32.5,raw
119.936,5554360,32.5,raw
120.132,5554359,32.5,raw
120.201,5554358,32.5,raw
120.395,5554357,32.5,raw
120.465,5554354,32.5,raw
120.659,5554350,32.5,raw
120.729,5554345,32.5,raw
120.926,5554339,32.5,raw
120.998,5554333,32.5,raw
121.192,5554327,32.5,raw
121.261,5554320,32.5,raw
121.456,5554314,32.5,raw
121.526,5554308,32.5,raw
121.720,5554303,32.5,raw
121.792,5554299,32.5,raw
121.988,5554298,32.5,raw
122.059,5554298,32.5,raw
122.252,5554300,32.5,raw
122.322,5554300,32.5,raw
122.516,5554300,32.5,raw
122.586,5554299,32.5,raw
122.783,5554297,32.5,raw
122.854,5554295,32.5,raw
123.049,5554293,32.5,raw
123.119,5554293,32.5,raw
123.312,5554293,32.5,raw
123.383,5554295,32.5,raw
123.577,5554298,32.5,raw
123.650,5554302,32.5,raw
123.845,5554305,32.5,raw
123.915,5554307,32.5,raw
124.109,5554309,32.5,raw
124.179,5554312,32.5,raw
124.373,5554317,32.5,raw
124.443,5554324,32.5,raw
124.640,5554333,32.5,raw
124.711,5554343,32.5,raw
124.905,5554354,32.5,raw
124.975,5554366,32.5,raw
125.170,5554376,32.5,raw
125.240,5554383,32.5,raw
125.433,5554390,32.5,raw
125.506,5554397,32.5,raw
125.702,5554404,32.5,raw
125.772,5554411,32.5,raw
125.966,5554418,32.5,raw
126.036,5554424,32.5,raw
126.230,5554430,32.5,raw
126.300,5554435,32.5,raw
126.497,5554438,32.5,raw
126.568,5554438,32.5,raw
126.763,5554438,32.5,raw
126.832,5554437,32.5,raw
127.026,5554436,32.5,raw
127.096,5554433,32.5,raw
127.290,5554429,32.5,raw
127.363,5554423,32.5,raw
127.559,5554416,32.5,raw
127.629,5554408,32.5,raw
127.822,5554399,32.5,raw
127.892,5554391,32.5,raw
128.087,5554382,32.5,raw
128.157,5554373,32.5,raw
128.354,5554363,32.5,raw
128.426,5554353,32.5,raw
128.620,5554342,32.5,raw
128.689,5554331,32.5,raw
128.883,5554320,32.5,raw
128.953,5554309,32.5,raw
129.147,5554298,32.5,raw
129.221,5554286,32.5,raw
129.416,5554276,32.5,raw
129.486,5554268,32.5,raw
129.680,5554261,32.5,raw
129.749,5554254,32.5,raw
129.943,5554246,32.5,raw
130.014,5554238,32.5,raw
130.211,5554229,32.5,raw
130.282,5554220,32.5,raw
130.477,5554210,32.5,raw
130.546,5554200,32.5,raw
130.740,5554192,32.5,raw
130.810,5554185,32.5,raw
131.003,5554176,32.5,raw
131.077,5554164,32.5,raw
131.273,5554151,32.5,raw
131.343,5554137,32.5,raw
131.537,5554126,32.5,raw
131.607,5554117,32.5,raw
131.801,5554110,32.5,raw
131.871,5554104,32.5,raw
132.067,5554099,32.5,raw
132.139,5554095,32.5,raw
132.333,5554091,32.5,raw
132.403,5554086,32.5,raw
132.597,5554076,32.5,raw
132.667,5554062,32.5,raw
132.861,5554045,32.5,raw
132.934,5554025,32.5,raw
133.129,5554002,32.5,raw
133.199,5553981,32.5,raw
133.393,5553963,32.5,raw
133.463,5553944,32.5,raw
133.657,5553923,32.5,raw
133.727,5553902,32.5,raw
133.923,5553879,32.5,raw
133.996,5553854,32.5,raw
134.190,5553829,32.5,raw
134.260,5553804,32.5,raw
134.453,5553780,32.5,raw
134.524,5553755,32.5,raw
134.718,5553728,32.5,raw
134.791,5553698,32.5,raw
134.987,5553667,32.5,raw
135.056,5553632,32.5,raw
135.250,5553596,32.5,raw
135.320,5553537,32.5,raw
135.514,5553461,32.5,raw
135.584,5553371,32.5,raw
135.781,5553280,32.5,raw
135.853,5553188,32.5,raw
136.046,5553102,32.5,raw
136.117,5553025,32.5,raw
136.310,5552956,32.5,raw
136.380,5552892,32.5,raw
136.574,5552833,32.5,raw
136.648,5552778,32.5,raw
136.842,5552729,32.5,raw
136.913,5552685,32.5,raw
137.107,5552644,32.5,raw
137.177,5552605,32.5,raw
137.370,5552570,32.5,raw
137.441,5552544,32.5,raw
137.638,5552525,32.5,raw
137.710,5552514,32.5,raw
137.903,5552509,32.5,raw
137.974,5552508,32.5,raw
138.168,5552510,32.5,raw
138.237,5552513,32.5,raw
138.431,5552522,32.5,raw
138.503,5552535,32.6,raw
138.701,5552549,32.6,raw
138.770,5552565,32.6,raw
138.963,5552584,32.6,raw
139.034,5552604,32.6,raw
139.228,5552627,32.6,raw
139.298,5552655,32.6,raw
139.495,5552688,32.5,raw
139.566,5552748,32.5,raw
139.760,5552828,32.5,raw
139.831,5552922,32.5,raw
140.025,5553016,32.5,raw
140.094,5553109,32.5,raw
140.288,5553195,32.5,raw
140.361,5553272,32.5,raw
140.557,5553340,32.5,raw
140.627,5553402,32.5,raw
140.821,5553460,32.5,raw
140.891,5553514,32.5,raw
141.085,5553566,32.5,raw
141.154,5553617,32.5,raw
141.351,5553667,32.5,raw
141.423,5553716,32.5,raw
141.617,5553763,32.5,raw
141.687,5553800,32.5,raw
141.881,5553829,32.5,raw
141.951,5553853,32.5,raw
142.145,5553873,32.5,raw
142.218,5553887,32.5,raw
142.414,5553898,32.5,raw
142.484,5553908,32.5,raw
142.678,5553913,32.5,raw
142.748,5553915,32.5,raw
142.941,5553915,32.5,raw
143.012,5553915,32.5,raw
143.209,5553915,32.5,raw
143.280,5553915,32.5,raw
143.474,5553915,32.5,raw
143.544,5553915,32.5,raw
143.738,5553914,32.5,raw
143.808,5553914,32.5,raw
144.002,5553914,32.5,raw
144.075,5553915,32.5,raw
144.271,5553916,32.5,raw
144.341,5553917,32.5,raw
144.534,5553918,32.5,raw
144.604,5553920,32.5,raw
144.798,5553919,32.5,raw
144.869,5553917,32.5,raw
145.065,5553914,32.5,raw
145.137,5553911,32.5,raw
145.331,5553907,32.5,raw
145.401,5553902,32.5,raw
145.595,5553895,32.5,raw
145.665,5553887,32.5,raw
145.859,5553876,32.5,raw
145.932,5553864,32.5,raw
146.128,5553852,32.5,raw
146.197,5553840,32.5,raw
146.391,5553830,32.5,raw
146.462,5553824,32.5,raw
146.655,5553819,32.5,raw
146.725,5553815,32.5,raw
146.922,5553812,32.6,raw
146.994,5553810,32.6,raw
147.188,5553809,32.6,raw
147.258,5553810,32.6,raw
147.451,5553813,32.6,raw
147.522,5553817,32.6,raw
147.715,5553822,32.6,raw
147.788,5553828,32.5,raw
147.983,5553832,32.5,raw
148.054,5553832,32.5,raw
148.248,5553830,32.5,raw
148.319,5553827,32.5,raw
148.512,5553824,32.5,raw
148.582,5553820,32.5,raw
148.779,5553816,32.6,raw
148.851,5553812,32.6,raw
149.045,5553812,32.6,raw
149.115,5553813,32.6,raw
149.309,5553815,32.6,raw
149.378,5553820,32.6,raw
149.572,5553826,32.6,raw
149.645,5553832,32.6,raw
149.841,5553841,32.6,raw
149.912,5553851,32.6,raw
150.105,5553863,32.6,raw
150.175,5553876,32.6,raw
150.369,5553890,32.6,raw
150.439,5553902,32.6,raw
150.636,5553913,32.6,raw
150.708,5553923,32.6,raw
150.902,5553932,32.6,raw
150.972,5553940,32.6,raw
151.165,5553947,32.6,raw
151.236,5553954,32.6,raw
151.429,5553960,32.6,raw
151.502,5553964,32.5,raw
151.699,5553968,32.5,raw
151.768,5553970,32.5,raw
151.961,5553972,32.5,raw
152.032,5553974,32.5,raw
152.226,5553979,32.5,raw
152.296,5553987,32.5,raw
152.493,5553997,32.5,raw
152.565,5554008,32.5,raw
152.759,5554020,32.5,raw
152.828,5554032,32.5,raw
153.022,5554045,32.5,raw
153.092,5554058,32.5,raw
153.286,5554071,32.5,raw
153.359,5554084,32.5,raw
153.555,5554098,32.5,raw
153.625,5554111,32.5,raw
153.819,5554124,32.5,raw
153.889,5554138,32.5,raw
154.082,5554153,32.5,raw
154.153,5554167,32.5,raw
154.349,5554181,32.5,raw
154.422,5554196,32.5,raw
154.616,5554208,32.5,raw
154.685,5554221,32.5,raw
154.880,5554232,32.5,raw
154.949,5554242,32.5,raw
155.143,5554251,32.5,raw
155.216,5554261,32.5,raw
155.412,5554271,32.5,raw
155.482,5554281,32.5,raw
155.676,5554291,32.5,raw
155.746,5554300,32.5,raw
155.940,5554307,32.5,raw
156.010,5554312,32.5,raw
156.206,5554316,32.6,raw
156.278,5554318,32.6,raw
156.472,5554319,32.6,raw
156.543,5554321,32.6,raw
156.736,5554324,32.6,raw
156.806,5554327,32.6,raw
157.000,5554330,32.6,raw
157.073,5554334,32.6,raw
157.269,5554338,32.6,raw
157.339,5554343,32.6,raw
157.532,5554349,32.6,raw
157.603,5554354,32.6,raw
157.797,5554359,32.6,raw
157.866,5554364,32.6,raw
158.063,5554368,32.6,raw
158.135,5554369,32.6,raw
158.329,5554367,32.6,raw
158.399,5554364,32.6,raw
158.593,5554361,32.6,raw
158.663,5554358,32.6,raw
158.857,5554356,32.6,raw
158.930,5554355,32.6,raw
159.126,5554355,32.6,raw
159.195,5554355,32.6,raw
159.389,5554355,32.6,raw
159.460,5554355,32.6,raw
159.653,5554355,32.6,raw
159.723,5554354,32.6,raw
159.920,5554353,32.6,raw
159.992,5554351,32.6,raw
160.187,5554351,32.6,raw
160.256,5554351,32.6,raw
160.449,5554353,32.6,raw
160.519,5554354,32.6,raw
160.713,5554356,32.6,raw
160.786,5554357,32.6,raw
160.982,5554357,32.6,raw
161.053,5554357,32.6,raw
161.247,5554356,32.6,raw
161.316,5554355,32.6,raw
161.510,5554353,32.6,raw
161.580,5554351,32.6,raw
161.777,5554348,32.6,raw
161.849,5554345,32.6,raw
162.043,5554343,32.6,raw
162.113,5554341,32.6,raw
162.307,5554341,32.6,raw
162.377,5554345,32.6,raw
162.570,5554354,32.6,raw
162.643,5554365,32.6,raw
162.839,5554378,32.6,raw
162.910,5554389,32.6,raw
163.103,5554399,32.6,raw
163.174,5554408,32.6,raw
163.367,5554413,32.6,raw
163.437,5554413,32.6,raw
163.634,5554412,32.6,raw
163.706,5554409,32.6,raw
163.900,5554404,32.6,raw
163.969,5554397,32.6,raw
164.164,5554390,32.6,raw
164.234,5554384,32.6,raw
164.427,5554380,32.6,raw
164.501,5554377,32.6,raw
164.696,5554375,32.6,raw
164.766,5554375,32.6,raw
164.960,5554375,32.6,raw
165.030,5554376,32.6,raw
165.224,5554378,32.6,raw
165.294,5554379,32.6,raw
165.491,5554380,32.6,raw
165.563,5554380,32.6,raw
165.757,5554380,32.6,raw
165.826,5554381,32.6,raw
166.020,5554382,32.6,raw
166.090,5554383,32.6,raw
166.285,5554385,32.6,raw
166.357,5554385,32.6,raw
166.553,5554383,32.6,raw
166.623,5554380,32.6,raw
166.817,5554377,32.6,raw
166.887,5554373,32.6,raw
167.081,5554369,32.6,raw
167.151,5554365,32.6,raw
167.348,5554362,32.6,raw
167.419,5554362,32.6,raw
167.613,5554363,32.6,raw
167.683,5554368,32.6,raw
167.877,5554376,32.6,raw
167.947,5554387,32.6,raw
168.141,5554399,32.6,raw
168.214,5554411,32.6,raw
168.410,5554423,32.6,raw
168.480,5554433,32.6,raw
168.674,5554441,32.6,raw
168.743,5554447,32.6,raw
168.937,5554453,32.6,raw
169.008,5554459,32.6,raw
169.204,5554466,32.6,raw
169.277,5554473,32.6,raw
169.470,5554483,32.6,raw
169.540,5554496,32.6,raw
169.734,5554512,32.6,raw
169.803,5554530,32.6,raw
169.998,5554549,32.6,raw
170.071,5554566,32.6,raw
170.267,5554581,32.6,raw
170.337,5554593,32.6,raw
170.530,5554603,32.6,raw
170.601,5554613,32.6,raw
170.794,5554623,32.6,raw
170.865,5554631,32.6,raw
171.061,5554637,32.6,raw
171.133,5554645,32.6,raw
171.327,5554654,32.6,raw
171.397,5554665,32.6,raw
171.591,5554677,32.6,raw
171.661,5554687,32.6,raw
171.855,5554698,32.6,raw
171.928,5554709,32.6,raw
172.123,5554716,32.6,raw
172.194,5554719,32.6,raw
172.387,5554721,32.6,raw
172.457,5554721,32.6,raw
172.652,5554723,32.6,raw
172.722,5554726,32.6,raw
172.918,5554730,32.6,raw
172.990,5554735,32.6,raw
173.184,5554740,32.6,raw
173.254,5554744,32.6,raw
173.448,5554748,32.6,raw
173.517,5554750,32.6,raw
173.712,5554750,32.6,raw
173.785,5554748,32.6,raw
173.981,5554744,32.6,raw
174.051,5554739,32.6,raw
174.245,5554735,32.6,raw
174.315,5554731,32.6,raw
174.508,5554730,32.6,raw
174.578,5554731,32.6,raw
174.775,5554731,32.6,raw
174.847,5554731,32.6,raw
175.041,5554730,32.6,raw
175.111,5554728,32.6,raw
175.305,5554726,32.6,raw
175.375,5554721,32.6,raw
175.569,5554714,32.6,raw
175.642,5554708,32.6,raw
175.838,5554703,32.6,raw
175.908,5554698,32.6,raw
176.101,5554695,32.6,raw
176.171,5554692,32.6,raw
176.365,5554692,32.6,raw
176.435,5554694,32.6,raw
176.632,5554698,32.6,raw
176.704,5554703,32.6,raw
176.898,5554708,32.6,raw
176.968,5554714,32.6,raw
177.162,5554720,32.6,raw
177.232,5554725,32.6,raw
177.426,5554730,32.6,raw
177.498,5554736,32.6,raw
177.694,5554743,32.6,raw
177.765,5554752,32.6,raw
177.958,5554761,32.6,raw
178.028,5554768,32.6,raw
178.222,5554773,32.6,raw
178.292,5554777,32.6,raw
178.488,5554778,32.6,raw
178.560,5554778,32.6,raw
178.755,5554777,32.6,raw
178.824,5554775,32.6,raw
179.018,5554775,32.6,raw
179.088,5554777,32.6,raw
179.282,5554782,32.6,raw
179.355,5554791,32.6,raw
179.551,5554802,32.6,raw
179.621,5554815,32.6,raw
179.814,5554830,32.6,raw
179.885,5554841,32.6,raw
180.079,5554850,32.6,raw
180.148,5554858,32.6,raw
180.345,5554864,32.6,raw
180.418,5554869,32.6,raw
180.612,5554874,32.6,raw
180.681,5554880,32.6,raw
180.875,5554886,32.6,raw
180.945,5554897,32.6,raw
181.139,5554911,32.6,raw
181.213,5554926,32.6,raw
181.408,5554941,32.6,raw
181.478,5554956,32.6,raw
181.671,5554970,32.6,raw
181.742,5554981,32.6,raw
181.935,5554988,32.6,raw
182.005,5554992,32.6,raw
182.202,5554995,32.6,raw
182.274,5554998,32.6,raw
182.468,5555002,32.6,raw
182.539,5555007,32.6,raw
182.732,5555014,32.6,raw
182.802,5555022,32.6,raw
182.996,5555032,32.6,raw
183.069,5555043,32.6,raw
183.265,5555055,32.6,raw
183.335,5555068,32.6,raw
183.528,5555080,32.6,raw
183.599,5555091,32.6,raw
183.793,5555103,32.6,raw
183.863,5555114,32.6,raw
184.060,5555125,32.6,raw
184.131,5555136,32.6,raw
184.325,5555148,32.6,raw
184.395,5555161,32.6,raw
184.589,5555173,32.6,raw
184.659,5555185,32.6,raw
184.853,5555197,32.6,raw
184.926,5555210,32.6,raw
185.122,5555221,32.6,raw
185.192,5555228,32.6,raw
185.385,5555229,32.6,raw
185.455,5555225,32.6,raw
185.649,5555217,32.6,raw
185.719,5555208,32.6,raw
185.917,5555200,32.6,raw
185.988,5555194,32.6,raw
186.182,5555191,32.6,raw
186.252,5555191,32.6,raw
186.446,5555192,32.6,raw
186.516,5555195,32.6,raw
186.710,5555202,32.6,raw
186.784,5555211,32.6,raw
186.979,5555221,32.6,raw
187.048,5555231,32.6,raw
187.243,5555240,32.6,raw
187.312,5555246,32.6,raw
187.506,5555249,32.6,raw
187.576,5555249,32.6,raw
187.773,5555248,32.6,raw
187.845,5555244,32.6,raw
188.039,5555238,32.6,raw
188.109,5555231,32.6,raw
188.302,5555223,32.6,raw
188.372,5555213,32.6,raw
188.566,5555201,32.6,raw
188.640,5555188,32.6,raw
188.835,5555176,32.6,raw
188.906,5555164,32.6,raw
189.099,5555153,32.6,raw
189.170,5555142,32.6,raw
189.363,5555132,32.6,raw
189.433,5555123,32.6,raw
189.630,5555116,32.6,raw
189.702,5555112,32.6,raw
189.895,5555109,32.6,raw
189.966,5555107,32.6,raw
190.160,5555104,32.6,raw
190.229,5555100,32.6,raw
190.424,5555096,32.6,raw
190.496,5555092,32.6,raw
190.692,5555086,32.6,raw
190.762,5555080,32.6,raw
190.956,5555072,32.6,raw
191.026,5555064,32.6,raw
191.220,5555056,32.6,raw
191.290,5555049,32.6,raw
191.487,5555044,32.6,raw
191.558,5555042,32.6,raw
191.753,5555043,32.6,raw
191.823,5555046,32.6,raw
192.017,5555050,32.6,raw
192.086,5555055,32.6,raw
192.280,5555061,32.6,raw
192.353,5555068,32.6,raw
192.549,5555074,32.6,raw
192.619,5555081,32.6,raw
192.813,5555089,32.6,raw
192.883,5555097,32.6,raw
193.077,5555105,32.6,raw
193.147,5555113,32.6,raw
193.344,5555119,32.6,raw
193.416,5555124,32.6,raw
193.610,5555127,32.6,raw
193.679,5555130,32.6,raw
193.873,5555132,32.6,raw
193.943,5555134,32.6,raw
194.138,5555136,32.6,raw
194.210,5555138,32.6,raw
194.406,5555140,32.6,raw
194.476,5555142,32.6,raw
194.669,5555144,32.6,raw
194.740,5555146,32.6,raw
194.934,5555149,32.6,raw
195.004,5555151,32.6,raw
195.201,5555151,32.6,raw
195.273,5555151,32.6,raw
195.466,5555151,32.6,raw
195.536,5555151,32.6,raw
195.730,5555150,32.6,raw
195.800,5555149,32.6,raw
195.993,5555146,32.6,raw
196.067,5555144,32.6,raw
196.263,5555140,32.6,raw
196.333,5555135,32.6,raw
196.527,5555128,32.6,raw
196.597,5555120,32.6,raw
196.791,5555113,32.6,raw
196.860,5555106,32.6,raw
197.058,5555100,32.6,raw
197.130,5555095,32.6,raw
197.323,5555091,32.6,raw
197.394,5555086,32.6,raw
197.587,5555082,32.6,raw
197.657,5555077,32.6,raw
197.851,5555072,32.6,raw
197.923,5555067,32.6,raw
198.120,5555062,32.6,raw
198.189,5555058,32.6,raw
198.384,5555054,32.6,raw
198.454,5555051,32.6,raw
198.648,5555049,32.6,raw
198.718,5555049,32.6,raw
198.914,5555048,32.6,raw
198.987,5555047,32.6,raw
199.180,5555045,32.6,raw
199.250,5555043,32.6,raw
199.444,5555041,32.6,raw
199.514,5555038,32.6,raw
199.708,5555034,32.6,raw
199.781,5555031,32.6,raw
199.976,5555027,32.6,raw
200.047,5555022,32.6,raw
200.241,5555016,32.6,raw
200.310,5555010,32.6,raw
200.504,5555005,32.6,raw
200.575,5555002,32.6,raw
200.772,5555000,32.6,raw
200.843,5554999,32.6,raw
201.037,5554999,32.6,raw
201.107,5554999,32.6,raw
201.301,5554999,32.6,raw
201.371,5554998,32.6,raw
201.565,5554997,32.6,raw
201.638,5554997,32.6,raw
201.834,5554997,32.6,raw
201.904,5554997,32.6,raw
202.097,5554998,32.6,raw
202.168,5555000,32.6,raw
202.362,5555002,32.6,raw
202.431,5555006,32.6,raw
202.628,5555011,32.6,raw
202.700,5555018,32.6,raw
202.894,5555024,32.6,raw
202.964,5555028,32.6,raw
203.158,5555031,32.6,raw
203.228,5555034,32.6,raw
203.422,5555036,32.6,raw
203.494,5555036,32.6,raw
203.691,5555037,32.6,raw
203.760,5555038,32.6,raw
203.955,5555038,32.6,raw
204.023,5555037,32.6,raw
204.218,5555036,32.6,raw
204.288,5555034,32.6,raw
204.485,5555032,32.6,raw
204.557,5555027,32.6,raw
204.751,5555021,32.6,raw
204.821,5555014,32.6,raw
205.015,5555007,32.6,raw
205.085,5555001,32.6,raw
205.278,5554997,32.6,raw
205.352,5554996,32.7,raw
205.547,5554996,32.7,raw
205.617,5554997,32.7,raw
205.811,5554997,32.7,raw
205.881,5554996,32.7,raw
206.075,5554994,32.7,raw
206.145,5554992,32.7,raw
206.342,5554988,32.7,raw
206.414,5554983,32.7,raw
206.608,5554976,32.7,raw
206.677,5554968,32.7,raw
206.871,5554958,32.7,raw
206.941,5554947,32.7,raw
207.135,5554935,32.7,raw
207.208,5554924,32.6,raw
207.405,5554916,32.6,raw
207.474,5554910,32.6,raw
207.668,5554906,32.6,raw
207.738,5554904,32.6,raw
207.932,5554902,32.6,raw
208.001,5554898,32.6,raw
208.199,5554893,32.6,raw
208.271,5554887,32.6,raw
208.465,5554883,32.6,raw
208.534,5554880,32.6,raw
208.729,5554878,32.6,raw
208.798,5554879,32.6,raw
208.993,5554883,32.6,raw
209.065,5554887,32.6,raw
209.261,5554890,32.6,raw
209.330,5554891,32.6,raw
209.525,5554889,32.6,raw
209.595,5554885,32.6,raw
209.789,5554877,32.6,raw
209.859,5554868,32.6,raw
210.055,5554859,32.7,raw
210.127,5554851,32.7,raw
210.322,5554844,32.7,raw
210.392,5554840,32.7,raw
210.585,5554839,32.7,raw
210.656,5554840,32.7,raw
210.849,5554843,32.7,raw
210.922,5554847,32.6,raw
211.118,5554852,32.6,raw
211.188,5554856,32.6,raw
211.382,5554860,32.6,raw
211.451,5554863,32.6,raw
211.645,5554865,32.6,raw
211.715,5554867,32.6,raw
211.913,5554868,32.7,raw
211.985,5554869,32.7,raw
212.179,5554870,32.7,raw
212.248,5554873,32.7,raw
212.442,5554877,32.7,raw
212.511,5554883,32.7,raw
212.706,5554889,32.7,raw
212.779,5554894,32.7,raw
212.975,5554898,32.7,raw
213.045,5554901,32.7,raw
213.239,5554904,32.7,raw
213.308,5554908,32.7,raw
213.503,5554913,32.7,raw
213.572,5554919,32.7,raw
213.769,5554924,32.7,raw
213.841,5554927,32.7,raw
214.034,5554931,32.7,raw
214.105,5554936,32.7,raw
214.298,5554944,32.7,raw
214.369,5554954,32.7,raw
214.563,5554965,32.7,raw
214.636,5554975,32.7,raw
214.832,5554983,32.7,raw
214.901,5554987,32.7,raw
215.095,5554992,32.7,raw
215.166,5554995,32.7,raw
215.359,5554997,32.7,raw
215.429,5555001,32.7,raw
215.626,5555005,32.7,raw
215.698,5555008,32.7,raw
215.891,5555012,32.7,raw
215.962,5555017,32.7,raw
216.155,5555023,32.7,raw
216.226,5555031,32.7,raw
216.419,5555041,32.7,raw
216.493,5555052,32.7,raw
216.689,5555063,32.7,raw
216.758,5555074,32.7,raw
216.953,5555085,32.7,raw
217.022,5555096,32.7,raw
217.216,5555107,32.7,raw
217.286,5555118,32.7,raw
217.483,5555129,32.6,raw
217.556,5555139,32.6,raw
217.749,5555149,32.6,raw
217.819,5555160,32.6,raw
218.013,5555172,32.6,raw
218.083,5555185,32.6,raw
218.277,5555198,32.6,raw
218.349,5555208,32.6,raw
218.545,5555216,32.6,raw
218.616,5555222,32.6,raw
218.809,5555226,32.6,raw
218.879,5555228,32.6,raw
219.073,5555231,32.6,raw
219.143,5555235,32.6,raw
219.340,5555238,32.6,raw
219.412,5555243,32.6,raw
219.605,5555249,32.6,raw
219.676,5555256,32.6,raw
219.870,5555268,32.6,raw
219.940,5555283,32.6,raw
220.133,5555297,32.6,raw
220.206,5555307,32.6,raw
220.402,5555315,32.6,raw
220.472,5555319,32.6,raw
220.666,5555321,32.6,raw
220.735,5555324,32.6,raw
220.930,5555327,32.6,raw
221.000,5555332,32.6,raw
221.197,5555339,32.7,raw
221.269,5555345,32.7,raw
221.463,5555350,32.7,raw
221.533,5555355,32.7,raw
221.726,5555359,32.7,raw
221.796,5555364,32.7,raw
221.990,5555370,32.7,raw
222.063,5555376,32.7,raw
222.259,5555382,32.7,raw
222.329,5555388,32.7,raw
222.523,5555395,32.7,raw
222.593,5555402,32.7,raw
222.786,5555410,32.7,raw
222.857,5555418,32.7,raw
223.054,5555425,32.7,raw
223.125,5555431,32.7,raw
223.319,5555435,32.7,raw
223.389,5555439,32.7,raw
223.583,5555443,32.7,raw
223.653,5555445,32.7,raw
223.847,5555447,32.7,raw
223.921,5555447,32.7,raw
224.115,5555443,32.7,raw
224.186,5555436,32.7,raw
224.380,5555429,32.7,raw
224.450,5555425,32.7,raw
224.644,5555422,32.7,raw
224.713,5555420,32.7,raw
224.911,5555419,32.7,raw
224.982,5555416,32.7,raw
225.177,5555411,32.7,raw
225.246,5555403,32.7,raw
225.440,5555392,32.7,raw
225.510,5555381,32.7,raw
225.704,5555370,32.7,raw
225.777,5555358,32.7,raw
225.973,5555347,32.7,raw
226.043,5555335,32.7,raw
226.236,5555321,32.7,raw
226.306,5555307,32.7,raw
226.501,5555295,32.7,raw
226.570,5555284,32.7,raw
226.767,5555275,32.7,raw
226.839,5555267,32.7,raw
227.033,5555260,32.7,raw
227.108,5555255,32.7,raw
227.297,5555252,32.7,raw
227.367,5555251,32.7,raw
227.561,5555251,32.7,raw
227.634,5555252,32.7,raw
227.829,5555254,32.7,raw
227.900,5555256,32.7,raw
228.094,5555258,32.7,raw
228.163,5555260,32.7,raw
228.358,5555262,32.7,raw
228.427,5555264,32.7,raw
228.623,5555265,32.7,raw
228.696,5555265,32.7,raw
228.890,5555265,32.7,raw
228.960,5555264,32.7,raw
229.154,5555263,32.7,raw
229.223,5555261,32.7,raw
229.418,5555259,32.7,raw
229.491,5555259,32.7,raw
229.686,5555260,32.7,raw
229.757,5555264,32.7,raw
229.951,5555268,32.7,raw
230.020,5555274,32.7,raw
230.214,5555280,32.7,raw
230.284,5555286,32.7,raw
230.481,5555292,32.7,raw
230.553,5555300,32.7,raw
230.747,5555307,32.7,raw
230.817,5555313,32.7,raw
231.011,5555318,32.7,raw
231.080,5555322,32.7,raw
231.275,5555325,32.7,raw
231.347,5555327,32.7,raw
231.543,5555327,32.7,raw
231.614,5555328,32.7,raw
231.808,5555328,32.7,raw
231.878,5555326,32.7,raw
232.071,5555325,32.7,raw
232.141,5555324,32.7,raw
232.338,5555324,32.7,raw
232.410,5555324,32.7,raw
232.604,5555325,32.7,raw
232.674,5555328,32.7,raw
232.867,5555332,32.7,raw
232.938,5555338,32.7,raw
233.131,5555345,32.7,raw
233.207,5555352,32.7,raw
233.400,5555358,32.7,raw
233.470,5555365,32.7,raw
233.664,5555371,32.7,raw
233.734,5555375,32.7,raw
233.928,5555377,32.7,raw
233.998,5555378,32.7,raw
234.195,5555378,32.7,raw
234.267,5555378,32.7,raw
234.461,5555378,32.7,raw
234.531,5555381,32.7,raw
234.725,5555386,32.7,raw
234.795,5555391,32.7,raw
234.988,5555396,32.7,raw
235.062,5555400,32.8,raw
235.257,5555402,32.8,raw
235.329,5555404,32.8,raw
235.521,5555406,32.8,raw
235.591,5555409,32.8,raw
235.785,5555413,32.8,raw
235.855,5555420,32.8,raw
236.052,5555430,32.8,raw
236.124,5555445,32.8,raw
236.317,5555457,32.8,raw
236.388,5555467,32.8,raw
236.582,5555476,32.8,raw
236.651,5555484,32.8,raw
236.845,5555489,32.8,raw
236.918,5555493,32.8,raw
237.114,5555494,32.8,raw
237.183,5555494,32.8,raw
237.378,5555493,32.8,raw
237.448,5555491,32.8,raw
237.642,5555489,32.8,raw
237.712,5555489,32.8,raw
237.909,5555493,32.8,raw
237.980,5555500,32.8,raw
238.175,5555508,32.8,raw
238.245,5555518,32.8,raw
238.439,5555530,32.8,raw
238.508,5555541,32.8,raw
238.702,5555551,32.8,raw
238.775,5555559,32.8,raw
238.971,5555563,32.8,raw
239.041,5555565,32.8,raw
239.236,5555565,32.8,raw
239.305,5555564,32.8,raw
239.499,5555563,32.8,raw
239.569,5555562,32.8,raw
239.765,5555561,32.8,raw
239.837,5555560,32.8,raw
240.031,5555558,32.8,raw
240.101,5555552,32.8,raw
240.295,5555543,32.8,raw
240.365,5555532,32.8,raw
240.559,5555525,32.8,raw
240.632,5555520,32.8,raw
240.828,5555518,32.8,raw
240.897,5555517,32.8,raw
241.092,5555516,32.8,raw
241.162,5555516,32.8,raw
241.356,5555513,32.8,raw
241.425,5555509,32.8,raw
241.622,5555505,32.8,raw
241.694,5555502,32.8,raw
241.888,5555500,32.8,raw
241.958,5555497,32.8,raw
242.152,5555493,32.8,raw
242.221,5555489,32.8,raw
242.416,5555484,32.8,raw
242.489,5555479,32.8,raw
242.684,5555471,32.8,raw
242.754,5555463,32.8,raw
242.948,5555455,32.8,raw
243.018,5555448,32.8,raw
243.212,5555442,32.8,raw
243.282,5555439,32.8,raw
243.479,5555438,32.8,raw
243.551,5555438,32.8,raw
243.745,5555440,32.8,raw
243.815,5555444,32.8,raw
244.009,5555449,32.8,raw
244.079,5555456,32.8,raw
244.273,5555464,32.8,raw
244.345,5555470,32.8,raw
244.542,5555475,32.8,raw
244.612,5555480,32.8,raw
244.805,5555481,32.8,raw
244.875,5555481,32.8,raw
245.070,5555478,32.8,raw
245.139,5555475,32.8,raw
245.336,5555470,32.8,raw
245.408,5555466,32.8,raw
245.602,5555466,32.8,raw
245.672,5555468,32.8,raw
245.866,5555471,32.8,raw
245.936,5555474,32.8,raw
246.130,5555476,32.8,raw
246.203,5555477,32.8,raw
246.398,5555477,32.8,raw
246.468,5555478,32.8,raw
246.663,5555480,32.8,raw
246.732,5555483,32.8,raw
246.926,5555488,32.8,raw
246.996,5555493,32.8,raw
247.192,5555497,32.8,raw
247.265,5555501,32.8,raw
247.459,5555503,32.8,raw
247.529,5555503,32.8,raw
247.723,5555502,32.8,raw
247.793,5555500,32.8,raw
247.987,5555498,32.8,raw
248.059,5555498,32.8,raw
248.255,5555498,32.8,raw
248.325,5555498,32.8,raw
248.519,5555498,32.8,raw
248.588,5555499,32.8,raw
248.783,5555502,32.8,raw
248.853,5555506,32.8,raw
249.049,5555510,32.8,raw
249.121,5555516,32.8,raw
249.315,5555523,32.8,raw
249.386,5555530,32.8,raw
249.580,5555539,32.8,raw
249.649,5555547,32.8,raw
249.843,5555553,32.8,raw
249.916,5555557,32.8,raw
250.112,5555560,32.8,raw
250.182,5555562,32.8,raw
250.376,5555564,32.8,raw
250.445,5555568,32.8,raw
250.640,5555572,32.8,raw
250.709,5555576,32.8,raw
250.907,5555578,32.8,raw
250.979,5555579,32.8,raw
251.173,5555581,32.8,raw
251.242,5555583,32.8,raw
251.437,5555584,32.8,raw
251.506,5555586,32.8,raw
251.700,5555587,32.8,raw
251.773,5555587,32.8,raw
251.969,5555587,32.8,raw
252.039,5555587,32.8,raw
252.233,5555584,32.8,raw
252.303,5555578,32.8,raw
252.497,5555570,32.8,raw
252.567,5555561,32.8,raw
252.763,5555552,32.8,raw
252.836,5555544,32.8,raw
253.029,5555537,32.8,raw
253.099,5555530,32.8,raw
253.293,5555524,32.8,raw
253.363,5555518,32.8,raw
253.557,5555512,32.8,raw
253.629,5555504,32.8,raw
253.826,5555497,32.8,raw
253.896,5555490,32.8,raw
254.090,5555484,32.8,raw
254.159,5555478,32.8,raw
254.354,5555475,32.8,raw
254.424,5555473,32.8,raw
254.621,5555469,32.8,raw
254.692,5555464,32.8,raw
254.886,5555459,32.8,raw
254.957,5555453,32.8,raw
255.150,5555447,32.8,raw
255.220,5555442,32.8,raw
255.413,5555440,32.8,raw
255.487,5555439,32.8,raw
255.683,5555439,32.8,raw
255.753,5555440,32.8,raw
255.947,5555443,32.8,raw
256.017,5555447,32.8,raw
256.211,5555451,32.8,raw
256.280,5555454,32.8,raw
256.478,5555457,32.8,raw
256.549,5555461,32.8,raw
256.743,5555464,32.8,raw
256.813,5555464,32.8,raw
257.007,5555457,32.8,raw
257.077,5555441,32.8,raw
257.271,5555422,32.8,raw
257.344,5555404,32.8,raw
257.540,5555391,32.8,raw
257.610,5555384,32.8,raw
257.803,5555382,32.8,raw
257.873,5555385,32.8,raw
258.067,5555390,32.8,raw
258.137,5555397,32.8,raw
258.334,5555407,32.8,raw
258.406,5555419,32.8,raw
258.600,5555428,32.8,raw
258.670,5555437,32.8,raw
258.863,5555444,32.8,raw
258.933,5555449,32.8,raw
259.127,5555455,32.8,raw
259.201,5555459,32.8,raw
259.396,5555464,32.8,raw
259.466,5555471,32.8,raw
259.660,5555476,32.8,raw
259.730,5555477,32.8,raw
259.924,5555477,32.8,raw
259.994,5555477,32.8,raw
260.191,5555476,32.8,raw
260.262,5555475,32.8,raw
260.457,5555474,32.8,raw
260.527,5555477,32.8,raw
260.720,5555482,32.8,raw
260.790,5555486,32.8,raw
260.985,5555491,32.8,raw
261.058,5555500,32.8,raw
261.253,5555514,32.8,raw
261.323,5555535,32.8,raw
261.517,5555561,32.8,raw
261.587,5555587,32.8,raw
261.781,5555608,32.8,raw
261.851,5555624,32.8,raw
262.048,5555637,32.8,raw
262.120,5555646,32.8,raw
262.314,5555654,32.8,raw
262.383,5555660,32.8,raw
262.578,5555664,32.8,raw
262.647,5555667,32.8,raw
262.841,5555673,32.8,raw
262.914,5555681,32.8,raw
263.110,5555693,32.8,raw
263.180,5555708,32.8,raw
263.374,5555720,32.8,raw
263.443,5555730,32.8,raw
263.637,5555737,32.8,raw
263.708,5555739,32.8,raw
263.904,5555739,32.8,raw
263.977,5555739,32.8,raw
264.171,5555740,32.8,raw
264.241,5555743,32.8,raw
264.434,5555747,32.8,raw
264.505,5555753,32.8,raw
264.698,5555761,32.8,raw
264.772,5555768,32.8,raw
264.966,5555773,32.8,raw
265.037,5555779,32.8,raw
265.231,5555783,32.8,raw
265.301,5555785,32.8,raw
265.495,5555785,32.8,raw
265.565,5555788,32.8,raw
265.762,5555791,32.8,raw
265.833,5555796,32.8,raw
266.028,5555802,32.8,raw
266.097,5555809,32.8,raw
266.291,5555816,32.8,raw
266.362,5555821,32.8,raw
266.555,5555824,32.8,raw
266.627,5555826,32.8,raw
266.823,5555827,32.8,raw
266.894,5555827,32.8,raw
267.087,5555826,32.8,raw
267.158,5555823,32.8,raw
267.352,5555821,32.8,raw
267.422,5555821,32.8,raw
267.618,5555823,32.8,raw
267.690,5555826,32.8,raw
267.884,5555830,32.8,raw
267.955,5555835,32.8,raw
268.148,5555841,32.8,raw
268.218,5555846,32.8,raw
268.412,5555849,32.8,raw
268.485,5555852,32.8,raw
268.681,5555853,32.8,raw
268.750,5555851,32.8,raw
268.943,5555846,32.8,raw
269.015,5555839,32.8,raw
269.209,5555831,32.8,raw
269.278,5555823,32.8,raw
269.476,5555817,32.8,raw
269.547,5555815,32.8,raw
269.741,5555816,32.8,raw
269.811,5555817,32.8,raw
270.005,5555818,32.8,raw
270.075,5555817,32.8,raw
270.269,5555813,32.8,raw
270.342,5555807,32.8,raw
270.538,5555799,32.8,raw
270.609,5555792,32.8,raw
270.802,5555787,32.8,raw
270.871,5555782,32.8,raw
271.065,5555779,32.8,raw
271.135,5555777,32.8,raw
271.332,5555774,32.8,raw
271.403,5555770,32.8,raw
271.598,5555764,32.8,raw
271.668,5555753,32.8,raw
271.862,5555740,32.8,raw
271.932,5555728,32.8,raw
272.126,5555717,32.8,raw
272.199,5555706,32.8,raw
272.394,5555698,32.8,raw
272.465,5555693,32.8,raw
272.659,5555691,32.8,raw
272.728,5555691,32.8,raw
272.922,5555692,32.8,raw
272.992,5555695,32.8,raw
273.189,5555699,32.8,raw
273.261,5555702,32.8,raw
273.455,5555705,32.8,raw
273.525,5555707,32.8,raw
273.719,5555708,32.8,raw
273.789,5555703,32.8,raw
273.982,5555697,32.8,raw
274.056,5555684,32.8,raw
274.251,5555667,32.8,raw
274.322,5555649,32.8,raw
274.515,5555635,32.8,raw
274.585,5555624,32.8,raw
274.779,5555618,32.8,raw
274.849,5555615,32.8,raw
275.046,5555614,32.8,raw
275.118,5555614,32.8,raw
275.311,5555614,32.8,raw
275.381,5555613,32.8,raw
275.576,5555611,32.8,raw
275.645,5555611,32.8,raw
275.840,5555609,32.8,raw
275.912,5555609,32.8,raw
276.108,5555611,32.8,raw
276.178,5555614,32.8,raw
276.371,5555619,32.8,raw
276.442,5555625,32.8,raw
276.636,5555630,32.8,raw
276.706,5555634,32.8,raw
276.903,5555638,32.8,raw
276.975,5555641,32.8,raw
277.168,5555645,32.8,raw
277.239,5555649,32.8,raw
277.432,5555654,32.8,raw
277.503,5555661,32.8,raw
277.696,5555670,32.8,raw
277.769,5555680,32.8,raw
277.965,5555691,32.8,raw
278.035,5555706,32.8,raw
278.229,5555722,32.8,raw
278.299,5555743,32.8,raw
278.493,5555768,32.8,raw
278.563,5555793,32.8,raw
278.759,5555814,32.8,raw
278.832,5555833,32.8,raw
279.026,5555848,32.8,raw
279.096,5555860,32.8,raw
279.289,5555868,32.8,raw
279.359,5555875,32.8,raw
279.554,5555882,32.8,raw
279.626,5555890,32.8,raw
279.822,5555896,32.8,raw
279.891,5555900,32.8,raw
280.086,5555903,32.8,raw
280.156,5555905,32.8,raw
280.350,5555906,32.8,raw
280.420,5555906,32.8,raw
280.617,5555905,32.8,raw
280.689,5555903,32.8,raw
280.883,5555900,32.8,raw
280.953,5555896,32.8,raw
281.146,5555891,32.8,raw
281.216,5555886,32.8,raw
281.410,5555879,32.8,raw
281.483,5555871,32.8,raw
281.679,5555863,32.8,raw
281.749,5555854,32.8,raw
281.943,5555845,32.8,raw
282.012,5555835,32.8,raw
282.207,5555826,32.8,raw
282.276,5555820,32.8,raw
282.474,5555813,32.8,raw
282.545,5555806,32.8,raw
282.740,5555800,32.8,raw
282.809,5555795,32.8,raw
283.003,5555792,32.8,raw
283.073,5555789,32.8,raw
283.267,5555787,32.8,raw
283.340,5555784,32.8,raw
283.535,5555780,32.8,raw
283.606,5555775,32.8,raw
283.800,5555764,32.8,raw
283.870,5555731,32.8,raw
284.064,5555684,32.8,raw
284.133,5555619,32.8,raw
284.330,5555541,32.8,raw
284.402,5555462,32.8,raw
284.596,5555382,32.8,raw
284.665,5555310,32.8,raw
284.860,5555256,32.8,raw
284.930,5555216,32.8,raw
285.124,5555187,32.8,raw
285.196,5555168,32.8,raw
285.393,5555155,32.8,raw
285.463,5555145,32.8,raw
285.657,5555140,32.8,raw
285.726,5555139,32.8,raw
285.920,5555138,32.8,raw
285.990,5555137,32.8,raw
286.187,5555135,32.8,raw
286.259,5555133,32.8,raw
286.453,5555128,32.8,raw
286.522,5555117,32.8,raw
286.717,5555095,32.8,raw
286.786,5555065,32.8,raw
286.980,5555026,32.8,raw
287.053,5554982,32.8,raw
287.249,5554933,32.8,raw
287.319,5554886,32.8,raw
287.514,5554843,32.8,raw
287.583,5554805,32.8,raw
287.777,5554774,32.8,raw
287.847,5554749,32.8,raw
288.044,5554733,32.8,raw
288.116,5554740,32.8,raw
288.310,5554763,32.8,raw
288.379,5554806,32.8,raw
288.574,5554863,32.8,raw
288.643,5554922,32.8,raw
288.837,5554982,32.8,raw
288.910,5555039,32.8,raw
289.107,5555081,32.8,raw
289.176,5555111,32.8,raw
289.370,5555133,32.8,raw
289.440,5555148,32.8,raw
289.634,5555159,32.8,raw
289.704,5555166,32.8,raw
289.901,5555170,32.8,raw
289.973,5555170,32.8,raw
290.166,5555170,32.8,raw
290.236,5555169,32.8,raw
290.430,5555167,32.8,raw
290.500,5555166,32.8,raw
290.695,5555166,32.8,raw
290.767,5555173,32.8,raw
290.963,5555191,32.8,raw
291.033,5555217,32.8,raw
291.227,5555250,32.8,raw
291.297,5555288,32.8,raw
291.491,5555329,32.8,raw
291.561,5555367,32.8,raw
291.758,5555400,32.8,raw
291.830,5555429,32.8,raw
292.024,5555450,32.8,raw
292.094,5555464,32.8,raw
292.288,5555471,32.8,raw
292.357,5555471,32.8,raw
292.551,5555470,32.8,raw
292.624,5555468,32.8,raw
292.821,5555466,32.8,raw
292.890,5555465,32.8,raw
293.084,5555464,32.8,raw
293.154,5555458,32.8,raw
293.347,5555447,32.8,raw
293.418,5555433,32.8,raw
293.615,5555416,32.8,raw
293.687,5555398,32.8,raw
293.880,5555379,32.8,raw
293.951,5555360,32.8,raw
294.144,5555342,32.8,raw
294.214,5555326,32.8,raw
294.408,5555313,32.8,raw
294.481,5555304,32.8,raw
294.676,5555297,32.8,raw
294.747,5555291,32.8,raw
294.941,5555286,32.8,raw
295.011,5555281,32.8,raw
295.204,5555275,32.8,raw
295.275,5555269,32.8,raw
295.471,5555262,32.8,raw
295.543,5555255,32.8,raw
295.737,5555248,32.8,raw
295.807,5555241,32.8,raw
296.001,5555237,32.8,raw
296.071,5555237,32.8,raw
296.265,5555239,32.8,raw
296.338,5555245,32.8,raw
296.533,5555256,32.8,raw
296.604,5555272,32.8,raw
296.797,5555291,32.8,raw
296.868,5555313,32.8,raw
297.061,5555336,32.8,raw
297.132,5555360,32.8,raw
297.329,5555386,32.8,raw
297.400,5555416,32.8,raw
297.594,5555446,32.8,raw
297.664,5555476,32.8,raw
297.858,5555504,32.8,raw
297.928,5555529,32.8,raw
298.122,5555550,32.8,raw
298.194,5555568,32.8,raw
298.390,5555583,32.8,raw
298.461,5555596,32.8,raw
298.654,5555606,32.8,raw
298.725,5555617,32.8,raw
298.918,5555628,32.8,raw
298.988,5555639,32.8,raw
299.185,5555648,32.8,raw
299.257,5555659,32.8,raw
299.450,5555668,32.8,raw
299.521,5555678,32.8,raw
299.715,5555689,32.8,raw
299.785,5555700,32.8,raw
299.978,5555711,32.8,raw
300.052,5555722,32.8,raw
300.247,5555732,32.8,raw
300.318,5555738,32.8,raw
300.512,5555742,32.8,raw
300.581,5555743,32.8,raw
300.775,5555742,32.8,raw
300.845,5555742,32.8,raw
301.042,5555741,32.8,raw
301.114,5555740,32.8,raw
301.307,5555738,32.8,raw
301.377,5555735,32.8,raw
301.572,5555729,32.8,raw
301.641,5555720,32.8,raw
301.836,5555714,32.8,raw
301.908,5555709,32.8,raw
302.103,5555707,32.8,raw
302.174,5555708,32.8,raw
302.368,5555713,32.8,raw
302.438,5555721,32.8,raw
302.632,5555732,32.8,raw
302.702,5555744,32.8,raw
302.899,5555757,32.8,raw
302.970,5555768,32.8,raw
303.165,5555777,32.8,raw
303.235,5555785,32.8,raw
303.429,5555794,32.8,raw
303.499,5555799,32.8,raw
303.692,5555805,32.8,raw
303.765,5555810,32.8,raw
303.961,5555814,32.8,raw
304.031,5555817,32.8,raw
304.225,5555819,32.8,raw
304.295,5555819,32.8,raw
304.489,5555819,32.8,raw
304.559,5555819,32.8,raw
304.756,5555821,32.8,raw
304.828,5555824,32.8,raw
305.021,5555827,32.8,raw
305.091,5555827,32.8,raw
305.285,5555825,32.8,raw
305.356,5555821,32.8,raw
305.549,5555816,32.8,raw
305.622,5555811,32.8,raw
305.818,5555808,32.8,raw
305.888,5555808,32.8,raw
306.081,5555807,32.8,raw
306.152,5555806,32.8,raw
306.345,5555804,32.8,raw
306.416,5555801,32.8,raw
306.613,5555796,32.8,raw
306.685,5555790,32.8,raw
306.878,5555780,32.8,raw
306.949,5555767,32.8,raw
307.143,5555752,32.8,raw
307.212,5555737,32.8,raw
307.407,5555723,32.8,raw
307.479,5555710,32.8,raw
307.674,5555697,32.8,raw
307.745,5555686,32.8,raw
307.939,5555675,32.8,raw
308.009,5555663,32.8,raw
308.203,5555652,32.8,raw
308.273,5555641,32.8,raw
308.470,5555632,32.8,raw
308.542,5555625,32.8,raw
308.735,5555619,32.8,raw
308.806,5555614,32.8,raw
308.999,5555610,32.8,raw
309.069,5555608,32.8,raw
309.263,5555610,32.8,raw
309.335,5555618,32.8,raw
309.531,5555631,32.8,raw
309.602,5555647,32.8,raw
309.796,5555663,32.8,raw
309.866,5555677,32.8,raw
310.060,5555689,32.8,raw
310.130,5555696,32.8,raw
310.326,5555702,32.8,raw
310.398,5555706,32.8,raw
310.592,5555709,32.8,raw
310.663,5555712,32.8,raw
310.856,5555715,32.8,raw
310.926,5555716,32.8,raw
311.120,5555719,32.8,raw
311.193,5555722,32.8,raw
311.389,5555727,32.8,raw
311.458,5555731,32.8,raw
311.652,5555734,32.8,raw
311.722,5555737,32.8,raw
311.916,5555741,32.8,raw
311.986,5555747,32.8,raw
312.184,5555754,32.8,raw
312.255,5555763,32.8,raw
312.449,5555773,32.8,raw
312.519,5555784,32.8,raw
312.713,5555793,32.8,raw
312.783,5555798,32.8,raw
312.977,5555801,32.8,raw
313.049,5555801,32.8,raw
313.245,5555800,32.8,raw
313.315,5555796,32.8,raw
313.509,5555786,32.8,raw
313.579,5555771,32.8,raw
313.773,5555753,32.8,raw
313.843,5555734,32.8,raw
314.040,5555716,32.8,raw
314.112,5555701,32.8,raw
314.306,5555690,32.8,raw
314.376,5555686,32.8,raw
314.569,5555684,32.8,raw
314.640,5555684,32.8,raw
314.834,5555684,32.8,raw
314.907,5555684,32.8,raw
315.102,5555684,32.8,raw
315.172,5555685,32.8,raw
315.367,5555686,32.8,raw
315.436,5555687,32.8,raw
315.631,5555687,32.8,raw
315.700,5555687,32.8,raw
315.897,5555685,32.8,raw
315.969,5555682,32.8,raw
316.163,5555676,32.8,raw
316.233,5555668,32.8,raw
316.427,5555657,32.8,raw
316.497,5555645,32.8,raw
316.690,5555631,32.8,raw
316.764,5555617,32.8,raw
316.959,5555602,32.8,raw
317.029,5555589,32.8,raw
317.223,5555577,32.8,raw
317.293,5555572,32.8,raw
317.487,5555572,32.8,raw
317.557,5555575,32.8,raw
317.753,5555581,32.8,raw
317.825,5555587,32.8,raw
318.020,5555593,32.8,raw
318.089,5555599,32.8,raw
318.283,5555604,32.8,raw
318.353,5555606,32.8,raw
318.548,5555606,32.8,raw
318.620,5555598,32.8,raw
318.816,5555586,32.8,raw
318.886,5555572,32.8,raw
319.080,5555557,32.8,raw
319.150,5555543,32.8,raw
319.343,5555532,32.8,raw
319.414,5555522,32.8,raw
319.610,5555514,32.8,raw
319.682,5555509,32.8,raw
319.876,5555506,32.8,raw
319.946,5555504,32.8,raw
320.140,5555504,32.8,raw
320.210,5555504,32.8,raw
320.403,5555505,32.8,raw
320.477,5555508,32.8,raw
320.673,5555511,32.8,raw
320.743,5555511,32.8,raw
320.937,5555511,32.8,raw
321.007,5555511,32.8,raw
321.201,5555512,32.8,raw
321.271,5555514,32.8,raw
321.468,5555517,32.8,raw
321.540,5555517,32.8,raw
321.733,5555514,32.8,raw
321.803,5555510,32.8,raw
321.997,5555505,32.8,raw
322.067,5555502,32.8,raw
322.260,5555500,32.8,raw
322.334,5555499,32.8,raw
322.529,5555498,32.8,raw
322.599,5555497,32.8,raw
322.793,5555497,32.8,raw
322.863,5555499,32.8,raw
323.058,5555504,32.8,raw
323.127,5555514,32.8,raw
323.324,5555526,32.9,raw
323.396,5555538,32.9,raw
323.591,5555548,32.9,raw
323.660,5555557,32.9,raw
323.854,5555564,32.9,raw
323.923,5555569,32.9,raw
324.118,5555575,32.9,raw
324.191,5555581,32.8,raw
324.386,5555585,32.8,raw
324.456,5555587,32.8,raw
324.651,5555589,32.8,raw
324.721,5555590,32.8,raw
324.915,5555592,32.8,raw
324.983,5555597,32.8,raw
325.181,5555605,32.8,raw
325.253,5555615,32.8,raw
325.447,5555626,32.8,raw
325.517,5555635,32.8,raw
325.710,5555643,32.8,raw
325.781,5555651,32.8,raw
325.975,5555658,32.8,raw
326.047,5555663,32.8,raw
326.243,5555667,32.8,raw
326.314,5555670,32.8,raw
326.507,5555670,32.8,raw
326.578,5555666,32.8,raw
326.771,5555659,32.8,raw
326.841,5555650,32.8,raw
327.038,5555639,32.8,raw
327.110,5555630,32.8,raw
327.303,5555623,32.8,raw
327.374,5555616,32.8,raw
327.568,5555608,32.8,raw
327.637,5555601,32.8,raw
327.832,5555595,32.8,raw
327.904,5555590,32.9,raw
328.100,5555585,32.9,raw
328.171,5555580,32.9,raw
328.364,5555575,32.9,raw
328.434,5555567,32.9,raw
328.627,5555558,32.9,raw
328.698,5555551,32.9,raw
328.895,5555546,32.9,raw
328.967,5555540,32.9,raw
329.160,5555534,32.9,raw
329.231,5555529,32.9,raw
329.425,5555523,32.9,raw
329.495,5555514,32.9,raw
329.689,5555503,32.9,raw
329.762,5555493,32.8,raw
329.957,5555484,32.8,raw
330.028,5555477,32.8,raw
330.221,5555470,32.8,raw
330.290,5555465,32.8,raw
330.485,5555461,32.8,raw
330.554,5555457,32.8,raw
330.752,5555454,32.8,raw
330.823,5555454,32.8,raw
331.018,5555455,32.8,raw
331.087,5555457,32.8,raw
331.282,5555460,32.8,raw
331.352,5555461,32.8,raw
331.545,5555461,32.8,raw
331.618,5555462,32.8,raw
331.815,5555465,32.8,raw
331.883,5555466,32.8,raw
332.077,5555466,32.8,raw
332.148,5555465,32.8,raw
332.342,5555463,32.8,raw
332.412,5555462,32.8,raw
332.608,5555463,32.8,raw
332.681,5555469,32.8,raw
332.875,5555478,32.8,raw
332.944,5555486,32.8,raw
333.138,5555493,32.8,raw
333.208,5555500,32.8,raw
333.402,5555504,32.8,raw
333.475,5555508,32.8,raw
333.670,5555513,32.8,raw
333.740,5555518,32.8,raw
333.935,5555521,32.8,raw
334.005,5555524,32.8,raw
334.198,5555524,32.8,raw
334.268,5555521,32.8,raw
334.466,5555516,32.9,raw
334.537,5555508,32.9,raw
334.731,5555496,32.9,raw
334.802,5555483,32.9,raw
334.995,5555469,32.9,raw
335.065,5555456,32.9,raw
335.259,5555444,32.9,raw
335.332,5555435,32.9,raw
335.528,5555429,32.9,raw
335.598,5555424,32.9,raw
335.792,5555419,32.9,raw
335.862,5555412,32.9,raw
336.056,5555405,32.9,raw
336.125,5555399,32.9,raw
336.322,5555395,32.9,raw
336.395,5555392,32.9,raw
336.588,5555391,32.9,raw
336.657,5555389,32.9,raw
336.852,5555384,32.9,raw
336.922,5555374,32.9,raw
337.116,5555363,32.9,raw
337.189,5555350,32.8,raw
337.385,5555340,32.8,raw
337.455,5555332,32.8,raw
337.649,5555327,32.8,raw
337.718,5555322,32.8,raw
337.913,5555316,32.8,raw
337.982,5555310,32.8,raw
338.179,5555305,32.9,raw
338.251,5555298,32.9,raw
338.445,5555294,32.9,raw
338.515,5555292,32.9,raw
338.708,5555291,32.9,raw
338.779,5555292,32.9,raw
338.972,5555294,32.9,raw
339.046,5555298,32.9,raw
339.242,5555303,32.9,raw
339.312,5555309,32.9,raw
339.505,5555314,32.9,raw
339.575,5555316,32.9,raw
339.769,5555316,32.9,raw
339.839,5555315,32.9,raw
340.036,5555315,32.8,raw
340.108,5555312,32.8,raw
340.302,5555310,32.8,raw
340.372,5555306,32.8,raw
340.565,5555301,32.8,raw
340.636,5555296,32.8,raw
340.830,5555291,32.8,raw
340.903,5555287,32.9,raw
341.099,5555284,32.9,raw
341.169,5555283,32.9,raw
341.361,5555283,32.9,raw
341.432,5555285,32.9,raw
341.626,5555285,32.9,raw
341.696,5555286,32.9,raw
341.893,5555287,32.9,raw
341.965,5555289,32.9,raw
342.159,5555290,32.9,raw
342.229,5555290,32.9,raw
342.422,5555290,32.9,raw
342.493,5555291,32.9,raw
342.686,5555293,32.9,raw
342.760,5555295,32.9,raw
342.956,5555297,32.9,raw
343.026,5555300,32.9,raw
343.219,5555302,32.9,raw
343.289,5555303,32.9,raw
343.482,5555305,32.9,raw
343.553,5555306,32.9,raw
343.750,5555308,32.8,raw
343.822,5555311,32.8,raw
344.016,5555314,32.8,raw
344.085,5555318,32.8,raw
344.279,5555320,32.8,raw
344.350,5555325,32.8,raw
344.543,5555329,32.8,raw
344.616,5555334,32.9,raw
344.812,5555339,32.9,raw
344.882,5555345,32.9,raw
345.076,5555350,32.9,raw
345.146,5555355,32.9,raw
345.340,5555361,32.9,raw
345.410,5555367,32.9,raw
345.607,5555374,32.9,raw
345.679,5555381,32.9,raw
345.872,5555387,32.9,raw
345.943,5555390,32.9,raw
346.137,5555391,32.9,raw
346.207,5555390,32.9,raw
346.401,5555389,32.9,raw
346.473,5555391,32.9,raw
346.669,5555396,32.9,raw
346.739,5555403,32.9,raw
346.933,5555410,32.9,raw
347.003,5555418,32.9,raw
347.196,5555425,32.9,raw
347.267,5555432,32.9,raw
347.464,5555440,32.9,raw
347.535,5555449,32.9,raw
347.729,5555459,32.9,raw
347.800,5555470,32.9,raw
347.993,5555481,32.9,raw
348.063,5555492,32.9,raw
348.257,5555504,32.9,raw
348.330,5555515,32.9,raw
348.526,5555526,32.9,raw
348.596,5555536,32.9,raw
348.790,5555545,32.9,raw
348.860,5555553,32.9,raw
349.053,5555559,32.9,raw
349.124,5555564,32.9,raw
349.320,5555569,32.9,raw
349.393,5555574,32.9,raw
349.587,5555577,32.9,raw
349.656,5555579,32.9,raw
349.850,5555580,32.9,raw
349.920,5555580,32.9,raw
350.113,5555581,32.9,raw
350.187,5555583,32.9,raw
350.382,5555588,32.9,raw
350.452,5555594,32.9,raw
350.647,5555602,32.9,raw
350.717,5555608,32.9,raw
350.910,5555611,32.9,raw
350.981,5555612,32.9,raw
351.177,5555613,32.9,raw
351.250,5555614,32.9,raw
351.443,5555616,32.9,raw
351.513,5555619,32.9,raw
351.707,5555621,32.9,raw
351.777,5555622,32.9,raw
351.970,5555623,32.9,raw
352.043,5555624,32.9,raw
352.240,5555624,32.9,raw
352.310,5555624,32.9,raw
352.503,5555624,32.9,raw
352.573,5555624,32.9,raw
352.768,5555624,32.9,raw
352.837,5555624,32.9,raw
353.035,5555624,32.9,raw
353.107,5555624,32.9,raw
353.300,5555623,32.9,raw
353.370,5555619,32.9,raw
353.564,5555613,32.9,raw
353.634,5555605,32.9,raw
353.828,5555594,32.9,raw
353.901,5555583,32.9,raw
354.097,5555573,32.9,raw
354.167,5555564,32.9,raw
354.360,5555556,32.9,raw
354.430,5555548,32.9,raw
354.624,5555541,32.9,raw
354.695,5555534,32.9,raw
354.891,5555532,32.9,raw
354.963,5555532,32.9,raw
355.157,5555534,32.9,raw
355.226,5555536,32.9,raw
355.420,5555536,32.9,raw
355.491,5555536,32.9,raw
355.683,5555534,32.9,raw
355.758,5555530,32.9,raw
355.953,5555525,32.9,raw
356.023,5555518,32.9,raw
356.217,5555509,32.9,raw
356.287,5555499,32.9,raw
356.481,5555487,32.9,raw
356.550,5555475,32.9,raw
356.748,5555464,32.9,raw
356.820,5555455,32.9,raw
357.013,5555448,32.9,raw
357.083,5555443,32.9,raw
357.278,5555437,32.9,raw
357.348,5555429,32.9,raw
357.542,5555421,32.9,raw
357.614,5555415,32.9,raw
357.811,5555413,32.9,raw
357.880,5555413,32.9,raw
358.074,5555413,32.9,raw
358.143,5555415,32.9,raw
358.338,5555417,32.9,raw
358.407,5555419,32.9,raw
358.605,5555421,32.8,raw
358.676,5555425,32.8,raw
358.870,5555428,32.8,raw
358.941,5555433,32.8,raw
359.134,5555434,32.8,raw
359.204,5555433,32.8,raw
359.399,5555431,32.8,raw
359.472,5555429,32.9,raw
359.667,5555425,32.9,raw
359.738,5555420,32.9,raw
359.931,5555414,32.9,raw
360.001,5555412,32.9,raw
360.195,5555412,32.9,raw
360.265,5555416,32.9,raw
360.462,5555422,32.9,raw
360.534,5555429,32.9,raw
360.728,5555435,32.9,raw
360.798,5555440,32.9,raw
360.991,5555443,32.9,raw
361.061,5555443,32.9,raw
361.255,5555439,32.9,raw
361.328,5555433,32.9,raw
361.523,5555426,32.9,raw
361.594,5555421,32.9,raw
361.789,5555417,32.9,raw
361.858,5555414,32.9,raw
362.052,5555410,32.9,raw
362.122,5555407,32.9,raw
362.319,5555406,32.9,raw
362.391,5555408,32.9,raw
362.583,5555412,32.9,raw
362.655,5555417,32.9,raw
362.849,5555423,32.9,raw
362.918,5555425,32.9,raw
363.112,5555425,32.9,raw
363.186,5555425,32.9,raw
363.380,5555424,32.9,raw
363.450,5555423,32.9,raw
363.645,5555423,32.9,raw
363.715,5555423,32.9,raw
363.909,5555425,32.9,raw
363.978,5555430,32.9,raw
364.175,5555438,32.9,raw
364.248,5555443,32.9,raw
364.441,5555448,32.9,raw
364.511,5555453,32.9,raw
364.705,5555456,32.9,raw
364.775,5555460,32.9,raw
364.968,5555467,32.9,raw
365.042,5555475,32.9,raw
365.238,5555486,32.9,raw
365.308,5555498,32.9,raw
365.501,5555513,32.9,raw
365.571,5555528,32.9,raw
365.765,5555543,32.9,raw
365.836,5555558,32.9,raw
366.032,5555574,32.9,raw
366.104,5555590,32.9,raw
366.298,5555606,32.9,raw
366.368,5555620,32.9,raw
366.562,5555634,32.9,raw
366.632,5555644,32.9,raw
366.825,5555652,32.9,raw
366.899,5555658,32.9,raw
367.095,5555664,32.9,raw
367.165,5555671,32.9,raw
367.359,5555678,32.9,raw
367.428,5555685,32.9,raw
367.622,5555691,32.9,raw
367.692,5555696,32.9,raw
367.889,5555699,32.9,raw
367.961,5555702,32.9,raw
368.154,5555704,32.9,raw
368.225,5555704,32.9,raw
368.418,5555703,32.9,raw
368.489,5555701,32.9,raw
368.682,5555697,32.9,raw
368.756,5555691,32.9,raw
368.951,5555684,32.9,raw
369.021,5555677,32.9,raw
369.215,5555669,32.9,raw
369.285,5555661,32.9,raw
369.479,5555652,32.9,raw
369.549,5555643,32.9,raw
369.746,5555633,32.9,raw
369.818,5555625,32.9,raw
370.012,5555618,32.9,raw
370.082,5555612,32.9,raw
370.275,5555610,32.9,raw
370.346,5555610,32.9,raw
370.540,5555610,32.9,raw
370.612,5555611,32.9,raw
370.808,5555611,32.9,raw
370.878,5555611,32.9,raw
371.072,5555611,32.9,raw
371.142,5555610,32.9,raw
371.336,5555608,32.9,raw
371.406,5555606,32.9,raw
371.603,5555604,33.0,raw
371.675,5555600,33.0,raw
371.868,5555597,33.0,raw
371.938,5555595,33.0,raw
372.132,5555592,33.0,raw
372.202,5555590,33.0,raw
372.396,5555589,33.0,raw
372.470,5555589,32.9,raw
372.665,5555589,32.9,raw
372.735,5555590,32.9,raw
372.929,5555591,32.9,raw
372.999,5555593,32.9,raw
373.193,5555595,32.9,raw
373.263,5555597,32.9,raw
373.460,5555599,32.9,raw
373.531,5555601,32.9,raw
373.726,5555602,32.9,raw
373.796,5555602,32.9,raw
373.989,5555603,32.9,raw
374.060,5555603,32.9,raw
374.253,5555601,32.9,raw
374.326,5555599,33.0,raw
374.522,5555595,33.0,raw
374.592,5555591,33.0,raw
374.786,5555588,33.0,raw
374.855,5555587,33.0,raw
375.050,5555586,33.0,raw
375.119,5555586,33.0,raw
375.317,5555586,32.9,raw
375.389,5555586,32.9,raw
375.583,5555586,32.9,raw
375.653,5555585,32.9,raw
375.846,5555585,32.9,raw
375.916,5555588,32.9,raw
376.110,5555591,32.9,raw
376.183,5555594,32.9,raw
376.379,5555600,32.9,raw
376.448,5555605,32.9,raw
376.643,5555606,32.9,raw
376.713,5555607,32.9,raw
376.907,5555609,32.9,raw
376.977,5555612,32.9,raw
377.174,5555617,32.9,raw
377.246,5555624,32.9,raw
377.439,5555633,32.9,raw
377.509,5555644,32.9,raw
377.703,5555655,32.9,raw
377.773,5555663,32.9,raw
377.967,5555673,32.9,raw
378.040,5555684,32.9,raw
378.236,5555694,32.9,raw
378.306,5555703,32.9,raw
378.500,5555713,32.9,raw
378.569,5555724,32.9,raw
378.763,5555733,32.9,raw
378.834,5555741,32.9,raw
379.030,5555748,32.9,raw
379.102,5555753,32.9,raw
379.296,5555757,32.9,raw
379.366,5555757,32.9,raw
379.561,5555754,32.9,raw
379.630,5555749,32.9,raw
379.823,5555744,32.9,raw
379.896,5555739,32.9,raw
380.092,5555734,32.9,raw
380.163,5555726,32.9,raw
380.356,5555716,32.9,raw
380.426,5555703,32.9,raw
380.620,5555688,32.9,raw
380.690,5555671,32.9,raw
380.888,5555657,33.0,raw
380.959,5555643,33.0,raw
381.153,5555629,33.0,raw
381.223,5555615,33.0,raw
381.417,5555600,33.0,raw
381.487,5555585,33.0,raw
381.681,5555570,33.0,raw
381.753,5555555,33.0,raw
381.949,5555542,33.0,raw
382.020,5555531,33.0,raw
382.213,5555520,33.0,raw
382.283,5555509,33.0,raw
382.477,5555500,33.0,raw
382.547,5555491,33.0,raw
382.744,5555481,32.9,raw
382.816,5555470,32.9,raw
383.010,5555458,32.9,raw
383.079,5555443,32.9,raw
383.274,5555426,32.9,raw
383.344,5555409,32.9,raw
383.538,5555394,32.9,raw
383.611,5555384,33.0,raw
383.807,5555379,33.0,raw
383.877,5555376,33.0,raw
384.071,5555375,33.0,raw
384.140,5555374,33.0,raw
384.334,5555372,33.0,raw
384.403,5555369,33.0,raw
384.601,5555367,33.0,raw
384.673,5555365,33.0,raw
384.866,5555364,33.0,raw
384.937,5555365,33.0,raw
385.131,5555368,33.0,raw
385.200,5555372,33.0,raw
385.394,5555376,33.0,raw
385.467,5555380,32.9,raw
385.663,5555384,32.9,raw
385.733,5555385,32.9,raw
385.927,5555384,32.9,raw
385.998,5555382,32.9,raw
386.191,5555377,32.9,raw
386.261,5555372,32.9,raw
386.458,5555367,32.9,raw
386.529,5555362,32.9,raw
386.724,5555358,32.9,raw
386.793,5555355,32.9,raw
386.987,5555352,32.9,raw
387.057,5555350,32.9,raw
387.251,5555349,32.9,raw
387.324,5555349,32.9,raw
387.520,5555349,32.9,raw
387.590,5555349,32.9,raw
387.784,5555348,32.9,raw
387.854,5555348,32.9,raw
388.048,5555348,32.9,raw
388.118,5555348,32.9,raw
388.315,5555348,32.9,raw
388.387,5555348,32.9,raw
388.580,5555348,32.9,raw
388.651,5555349,32.9,raw
388.843,5555351,32.9,raw
388.914,5555353,32.9,raw
389.108,5555354,32.9,raw
389.181,5555355,33.0,raw
389.376,5555355,33.0,raw
389.447,5555352,33.0,raw
389.641,5555351,33.0,raw
389.711,5555349,33.0,raw
389.905,5555347,33.0,raw
389.975,5555347,33.0,raw
390.171,5555348,33.0,raw
390.243,5555350,33.0,raw
390.437,5555351,33.0,raw
390.507,5555352,33.0,raw
390.701,5555352,33.0,raw
390.771,5555351,33.0,raw
390.965,5555349,33.0,raw
391.039,5555346,33.0,raw
391.233,5555343,33.0,raw
391.303,5555340,33.0,raw
391.498,5555337,33.0,raw
391.568,5555334,33.0,raw
391.762,5555331,33.0,raw
391.832,5555327,33.0,raw
392.028,5555324,33.0,raw
392.101,5555319,33.0,raw
392.294,5555314,33.0,raw
392.364,5555309,33.0,raw
392.558,5555302,33.0,raw
392.628,5555296,33.0,raw
392.822,5555291,33.0,raw
392.895,5555286,33.0,raw
393.091,5555281,33.0,raw
393.161,5555277,33.0,raw
393.354,5555273,33.0,raw
393.425,5555269,33.0,raw
393.619,5555266,33.0,raw
393.689,5555266,33.0,raw
393.886,5555264,33.0,raw
393.957,5555263,33.0,raw
394.151,5555263,33.0,raw
394.222,5555265,33.0,raw
394.415,5555267,33.0,raw
394.485,5555270,33.0,raw
394.679,5555274,33.0,raw
394.752,5555278,33.0,raw
394.948,5555281,33.0,raw
395.018,5555286,33.0,raw
395.212,5555291,33.0,raw
395.281,5555296,33.0,raw
395.475,5555301,33.0,raw
395.546,5555306,33.0,raw
395.742,5555311,33.0,raw
395.814,5555316,33.0,raw
396.008,5555321,33.0,raw
396.078,5555325,33.0,raw
396.271,5555328,33.0,raw
396.342,5555330,33.0,raw
396.536,5555332,33.0,raw
396.608,5555332,33.0,raw
396.803,5555332,33.0,raw
396.875,5555332,33.0,raw
397.069,5555331,33.0,raw
397.138,5555330,33.0,raw
397.332,5555330,33.0,raw
397.402,5555332,33.0,raw
397.599,5555334,33.0,raw
397.671,5555335,33.0,raw
397.865,5555335,33.0,raw
397.934,5555335,33.0,raw
398.129,5555334,33.0,raw
398.199,5555331,33.0,raw
398.392,5555329,33.0,raw
398.466,5555326,33.0,raw
398.661,5555324,33.0,raw
398.732,5555324,33.0,raw
398.925,5555326,33.0,raw
398.995,5555330,33.0,raw
399.189,5555336,33.0,raw
399.259,5555340,33.0,raw
399.456,5555340,33.0,raw
399.528,5555337,33.0,raw
399.722,5555331,33.0,raw
399.792,5555324,33.0,raw
399.985,5555317,33.0,raw
400.055,5555311,33.0,raw
400.249,5555306,33.0,raw
400.321,5555303,33.0,raw
400.519,5555302,33.0,raw
400.588,5555302,33.0,raw
400.782,5555303,33.0,raw
400.852,5555305,33.0,raw
401.046,5555306,33.0,raw
401.115,5555307,33.0,raw
401.312,5555309,33.0,raw
401.385,5555309,33.0,raw
401.579,5555309,33.0,raw
401.649,5555308,33.0,raw
401.843,5555306,33.0,raw
401.912,5555305,33.0,raw
402.106,5555305,33.0,raw
402.179,5555304,33.0,raw
402.375,5555304,33.0,raw
402.445,5555303,33.0,raw
402.639,5555301,33.0,raw
402.709,5555301,33.0,raw
402.902,5555300,33.0,raw
402.973,5555298,33.0,raw
403.170,5555294,33.0,raw
403.241,5555289,33.0,raw
403.436,5555286,33.0,raw
403.505,5555287,33.0,raw
403.699,5555293,33.0,raw
403.770,5555303,33.0,raw
403.963,5555317,33.0,raw
404.036,5555332,33.0,raw
404.232,5555346,33.0,raw
404.302,5555358,33.0,raw
404.496,5555370,33.0,raw
404.566,5555380,33.0,raw
404.760,5555389,33.0,raw
404.829,5555396,33.0,raw
405.026,5555401,33.0,raw
405.099,5555405,33.0,raw
405.292,5555408,33.0,raw
405.362,5555411,33.0,raw
405.556,5555414,33.0,raw
405.626,5555418,33.0,raw
405.820,5555422,33.0,raw
405.892,5555425,33.0,raw
406.089,5555427,33.0,raw
406.159,5555429,33.0,raw
406.353,5555430,33.0,raw
406.422,5555433,33.0,raw
406.617,5555435,33.0,raw
406.687,5555438,33.0,raw
406.883,5555441,33.0,raw
406.956,5555442,33.0,raw
407.150,5555442,33.0,raw
407.219,5555441,33.0,raw
407.413,5555439,33.0,raw
407.483,5555436,33.0,raw
407.677,5555430,33.0,raw
407.750,5555422,33.0,raw
407.945,5555414,33.0,raw
408.016,5555406,33.0,raw
408.210,5555398,33.0,raw
408.279,5555388,33.0,raw
408.474,5555380,33.0,raw
408.543,5555372,33.0,raw
408.740,5555364,33.0,raw
408.812,5555356,33.0,raw
409.006,5555348,33.0,raw
409.077,5555341,33.0,raw
409.269,5555338,33.0,raw
409.339,5555338,33.0,raw
409.533,5555338,33.0,raw
409.607,5555340,33.0,raw
409.803,5555342,33.0,raw
409.873,5555342,33.0,raw
410.067,5555342,33.0,raw
410.137,5555343,33.0,raw
410.330,5555344,33.0,raw
410.400,5555347,33.0,raw
410.598,5555350,33.0,raw
410.669,5555353,33.0,raw
410.863,5555357,33.0,raw
410.933,5555361,33.0,raw
411.127,5555364,33.0,raw
411.197,5555369,33.0,raw
411.391,5555375,33.0,raw
411.463,5555382,33.0,raw
411.659,5555390,33.0,raw
411.729,5555397,33.0,raw
411.924,5555404,33.0,raw
411.993,5555410,33.0,raw
412.188,5555415,33.0,raw
412.257,5555418,33.0,raw
412.454,5555420,33.0,raw
412.526,5555422,33.0,raw
412.720,5555422,33.0,raw
412.790,5555422,33.0,raw
412.983,5555422,33.0,raw
413.054,5555422,33.0,raw
413.247,5555420,33.0,raw
413.321,5555417,33.0,raw
413.516,5555412,33.0,raw
413.586,5555407,33.0,raw
413.780,5555403,33.0,raw
413.850,5555398,33.0,raw
414.043,5555394,33.0,raw
414.113,5555388,33.0,raw
414.311,5555381,33.0,raw
414.383,5555373,33.0,raw
414.576,5555366,33.0,raw
414.647,5555359,33.0,raw
414.841,5555352,33.0,raw
414.911,5555344,33.0,raw
415.104,5555337,33.0,raw
415.178,5555330,33.0,raw
415.373,5555320,33.0,raw
415.443,5555310,33.0,raw
415.637,5555299,33.0,raw
415.707,5555287,33.0,raw
415.901,5555274,33.0,raw
415.970,5555261,33.0,raw
416.168,5555249,33.0,raw
416.240,5555237,33.0,raw
416.433,5555226,33.0,raw
416.503,5555215,33.0,raw
416.697,5555205,33.0,raw
416.767,5555195,33.0,raw
416.962,5555187,33.0,raw
417.035,5555181,33.0,raw
417.230,5555178,33.0,raw
417.300,5555177,33.0,raw
417.494,5555177,33.0,raw
417.563,5555177,33.0,raw
417.758,5555177,33.0,raw
417.828,5555178,33.0,raw
418.024,5555179,33.0,raw
418.096,5555180,33.0,raw
418.291,5555180,33.0,raw
418.360,5555181,33.0,raw
418.554,5555183,33.0,raw
418.624,5555185,33.0,raw
418.819,5555187,33.0,raw
418.892,5555188,33.0,raw
419.087,5555191,33.0,raw
419.157,5555194,33.0,raw
419.351,5555196,33.0,raw
419.421,5555198,33.0,raw
419.615,5555200,33.0,raw
419.685,5555201,33.0,raw
419.881,5555204,33.0,raw
419.953,5555210,33.0,raw
420.147,5555216,33.0,raw
420.217,5555223,33.0,raw
420.412,5555231,33.0,raw
420.481,5555238,33.0,raw
420.675,5555246,33.0,raw
420.748,5555254,33.0,raw
420.943,5555261,33.0,raw
421.014,5555267,33.0,raw
421.208,5555271,33.0,raw
421.278,5555275,33.0,raw
421.471,5555276,33.0,raw
421.542,5555276,33.0,raw
421.738,5555277,33.0,raw
421.810,5555280,33.0,raw
422.004,5555281,33.0,raw
422.074,5555281,33.0,raw
422.268,5555281,33.0,raw
422.338,5555279,33.0,raw
422.532,5555277,33.0,raw
422.605,5555275,33.0,raw
422.801,5555274,33.0,raw
422.871,5555274,33.0,raw
423.065,5555274,33.0,raw
423.135,5555273,33.0,raw
423.329,5555269,33.0,raw
423.398,5555266,33.0,raw
423.596,5555262,33.0,raw
423.667,5555260,33.0,raw
423.862,5555260,33.0,raw
423.931,5555261,33.0,raw
424.125,5555260,33.0,raw
424.194,5555258,33.0,raw
424.388,5555257,33.0,raw
424.461,5555252,33.0,raw
424.658,5555245,33.0,raw
424.728,5555237,33.0,raw
424.921,5555227,33.0,raw
424.990,5555216,33.0,raw
425.185,5555205,33.0,raw
425.255,5555196,33.0,raw
425.452,5555188,33.0,raw
425.524,5555180,33.0,raw
425.717,5555173,33.0,raw
425.788,5555166,33.0,raw
425.982,5555158,33.0,raw
426.052,5555149,33.0,raw
426.246,5555140,33.0,raw
426.319,5555131,33.0,raw
426.513,5555123,33.0,raw
426.583,5555117,33.0,raw
426.778,5555114,33.0,raw
426.848,5555112,33.0,raw
427.042,5555111,33.0,raw
427.112,5555110,33.0,raw
427.309,5555110,33.0,raw
427.381,5555110,33.0,raw
427.574,5555110,33.0,raw
427.643,5555110,33.0,raw
427.839,5555110,33.0,raw
427.909,5555108,33.0,raw
428.102,5555103,33.0,raw
428.175,5555096,33.0,raw
428.371,5555088,33.0,raw
428.441,5555082,33.0,raw
428.635,5555077,33.0,raw
428.705,5555075,33.0,raw
428.899,5555075,33.0,raw
428.969,5555076,33.0,raw
429.166,5555079,33.0,raw
429.238,5555081,33.0,raw
429.432,5555083,33.0,raw
429.502,5555086,33.0,raw
429.695,5555088,33.0,raw
429.765,5555091,33.0,raw
429.959,5555095,33.0,raw
430.032,5555100,33.0,raw
430.228,5555103,33.0,raw
430.298,5555105,33.0,raw
430.492,5555106,33.0,raw
430.561,5555109,33.0,raw
430.756,5555109,33.0,raw
430.826,5555105,33.0,raw
431.023,5555101,33.0,raw
431.095,5555097,33.0,raw
431.289,5555093,33.0,raw
431.358,5555090,33.0,raw
431.552,5555087,33.0,raw
431.622,5555084,33.0,raw
431.815,5555081,33.0,raw
431.889,5555078,33.0,raw
432.085,5555074,33.0,raw
432.155,5555073,33.0,raw
432.348,5555073,33.0,raw
432.418,5555075,33.0,raw
432.613,5555077,33.0,raw
432.682,5555078,33.0,raw
432.880,5555078,33.0,raw
432.952,5555078,33.0,raw
433.145,5555078,33.0,raw
433.215,5555079,33.0,raw
433.409,5555081,33.0,raw
433.479,5555083,33.0,raw
433.673,5555085,33.0,raw
433.746,5555085,33.0,raw
433.942,5555086,33.0,raw
434.012,5555086,33.0,raw
434.206,5555086,33.0,raw
434.276,5555086,33.0,raw
434.469,5555089,33.0,raw
434.539,5555094,33.0,raw
434.736,5555101,33.0,raw
434.809,5555105,33.0,raw
435.002,5555112,33.0,raw
435.072,5555120,33.0,raw
435.266,5555125,33.0,raw
435.336,5555128,33.0,raw
435.530,5555130,33.0,raw
435.602,5555130,33.0,raw
435.798,5555129,33.0,raw
435.869,5555127,33.0,raw
436.062,5555124,33.0,raw
436.131,5555121,33.0,raw
436.326,5555118,33.0,raw
436.397,5555114,33.0,raw
436.593,5555109,33.0,raw
436.666,5555104,33.0,raw
436.859,5555099,33.0,raw
436.929,5555091,33.0,raw
437.123,5555080,33.0,raw
437.193,5555065,33.0,raw
437.386,5555046,33.0,raw
437.460,5555027,33.0,raw
437.656,5555009,33.0,raw
437.726,5554994,33.0,raw
437.919,5554982,33.0,raw
437.989,5554972,33.0,raw
438.183,5554962,33.0,raw
438.253,5554951,33.0,raw
438.450,5554938,33.0,raw
438.522,5554924,33.0,raw
438.715,5554909,33.0,raw
438.786,5554895,33.0,raw
438.980,5554881,33.0,raw
439.050,5554869,33.0,raw
439.244,5554858,33.0,raw
439.317,5554849,33.0,raw
439.512,5554842,33.0,raw
439.581,5554835,33.0,raw
439.776,5554829,33.0,raw
439.846,5554823,33.0,raw
440.040,5554818,33.0,raw
440.110,5554814,33.0,raw
440.307,5554811,33.0,raw
440.378,5554808,33.0,raw
440.574,5554808,33.0,raw
440.643,5554807,33.0,raw
440.837,5554806,33.0,raw
440.907,5554806,33.0,raw
441.101,5554806,33.0,raw
441.173,5554808,33.0,raw
441.369,5554815,33.0,raw
441.439,5554827,33.0,raw
441.633,5554843,33.0,raw
441.703,5554858,33.0,raw
441.897,5554873,33.0,raw
441.967,5554888,33.0,raw
442.163,5554901,33.0,raw
442.236,5554913,33.0,raw
442.429,5554925,33.0,raw
442.500,5554938,33.0,raw
442.694,5554951,33.0,raw
442.763,5554964,33.0,raw
442.957,5554976,33.0,raw
443.031,5554986,33.0,raw
443.226,5554994,33.0,raw
443.296,5555001,33.0,raw
443.490,5555007,33.0,raw
443.560,5555012,33.0,raw
443.754,5555017,33.0,raw
443.823,5555022,33.0,raw
444.021,5555028,33.0,raw
444.093,5555033,33.0,raw
444.287,5555036,33.0,raw
444.356,5555038,33.0,raw
444.550,5555038,33.0,raw
444.621,5555038,33.0,raw
444.814,5555034,33.0,raw
444.887,5555030,33.0,raw
445.083,5555026,33.0,raw
445.153,5555023,33.0,raw
445.347,5555021,33.0,raw
445.417,5555019,33.0,raw
445.611,5555016,33.0,raw
445.681,5555012,33.0,raw
445.877,5555006,33.0,raw
445.949,5554999,33.0,raw
446.143,5554993,33.0,raw
446.213,5554987,33.0,raw
446.407,5554981,33.0,raw
446.477,5554975,33.0,raw
446.671,5554969,33.0,raw
446.743,5554964,33.0,raw
446.940,5554959,33.0,raw
447.010,5554954,33.0,raw
447.203,5554951,33.0,raw
447.274,5554949,33.0,raw
447.467,5554947,33.0,raw
447.538,5554944,33.0,raw
447.734,5554940,33.0,raw
447.807,5554935,33.0,raw
448.000,5554929,33.0,raw
448.070,5554923,33.0,raw
448.264,5554916,33.0,raw
448.334,5554911,33.0,raw
448.528,5554908,33.0,raw
448.601,5554906,33.0,raw
448.797,5554905,33.0,raw
448.867,5554904,33.0,raw
449.061,5554904,33.0,raw
449.130,5554903,33.0,raw
449.324,5554902,33.0,raw
449.394,5554898,33.0,raw
449.591,5554893,33.0,raw
449.663,5554887,33.0,raw
449.857,5554880,33.0,raw
449.927,5554873,33.0,raw
450.121,5554866,33.0,raw
450.191,5554859,33.0,raw
450.385,5554851,33.0,raw
450.457,5554841,33.0,raw
450.654,5554830,33.0,raw
450.723,5554818,33.0,raw
450.918,5554805,33.0,raw
450.988,5554791,33.0,raw
451.181,5554777,33.0,raw
451.251,5554763,33.0,raw
451.448,5554746,33.0,raw
451.520,5554727,33.0,raw
451.714,5554707,33.0,raw
451.783,5554687,33.0,raw
451.978,5554673,33.0,raw
452.048,5554663,33.0,raw
452.241,5554656,33.0,raw
452.315,5554651,33.0,raw
452.511,5554647,33.0,raw
452.581,5554644,33.0,raw
452.775,5554643,33.0,raw
452.845,5554643,33.0,raw
453.039,5554646,33.0,raw
453.108,5554651,33.0,raw
453.305,5554658,33.0,raw
453.377,5554667,33.0,raw
453.571,5554676,33.0,raw
453.640,5554688,33.0,raw
453.835,5554701,33.0,raw
453.905,5554715,33.0,raw
454.099,5554728,33.0,raw
454.172,5554740,33.0,raw
454.367,5554750,33.0,raw
454.438,5554759,33.0,raw
454.631,5554767,33.0,raw
454.701,5554774,33.0,raw
454.895,5554781,33.0,raw
454.965,5554788,33.0,raw
455.162,5554796,33.0,raw
455.234,5554805,33.0,raw
455.427,5554813,33.0,raw
455.498,5554823,33.0,raw
455.691,5554835,33.0,raw
455.761,5554848,33.0,raw
455.955,5554860,33.0,raw
456.028,5554872,33.0,raw
456.223,5554878,33.0,raw
456.294,5554881,33.0,raw
456.488,5554881,33.0,raw
456.558,5554882,33.0,raw
456.752,5554882,33.0,raw
456.821,5554880,33.0,raw
457.019,5554875,33.0,raw
457.091,5554866,33.0,raw
457.285,5554855,33.0,raw
457.354,5554842,33.0,raw
457.548,5554827,33.0,raw
457.619,5554810,33.0,raw
457.812,5554794,33.0,raw
457.886,5554780,33.0,raw
458.082,5554765,33.0,raw
458.151,5554751,33.0,raw
458.345,5554740,33.0,raw
458.415,5554731,33.0,raw
458.609,5554726,33.0,raw
458.678,5554724,33.0,raw
458.875,5554723,33.0,raw
458.948,5554723,33.0,raw
459.141,5554723,33.0,raw
459.211,5554723,33.0,raw
459.405,5554721,33.0,raw
459.475,5554717,33.0,raw
459.669,5554713,33.0,raw
459.741,5554710,33.0,raw
459.938,5554707,33.0,raw
460.008,5554706,33.0,raw
460.202,5554703,33.0,raw
460.272,5554699,33.0,raw
460.465,5554691,33.0,raw
460.535,5554679,33.0,raw
460.732,5554663,33.0,raw
460.805,5554648,33.0,raw
460.999,5554637,33.0,raw
461.068,5554629,33.0,raw
461.262,5554624,33.0,raw
461.332,5554621,33.0,raw
461.526,5554620,33.0,raw
461.599,5554620,33.0,raw
461.795,5554621,33.0,raw
461.865,5554622,33.0,raw
462.059,5554622,33.0,raw
462.129,5554617,33.0,raw
462.323,5554612,33.0,raw
462.392,5554605,33.0,raw
462.590,5554598,33.0,raw
462.661,5554590,33.0,raw
462.855,5554581,33.0,raw
462.925,5554570,33.0,raw
463.119,5554558,33.0,raw
463.189,5554544,33.0,raw
463.382,5554532,33.0,raw
463.456,5554522,33.0,raw
463.652,5554512,33.0,raw
463.722,5554500,33.0,raw
463.916,5554489,33.0,raw
463.985,5554477,33.0,raw
464.179,5554466,33.0,raw
464.250,5554457,33.0,raw
464.446,5554453,33.0,raw
464.518,5554451,33.0,raw
464.712,5554455,33.0,raw
464.782,5554465,33.0,raw
464.976,5554477,33.0,raw
465.046,5554484,33.0,raw
465.240,5554487,33.0,raw
465.312,5554487,33.0,raw
465.509,5554485,33.0,raw
465.579,5554483,33.0,raw
465.772,5554480,33.0,raw
465.842,5554478,33.0,raw
466.036,5554477,33.0,raw
466.107,5554478,33.0,raw
466.303,5554479,33.0,raw
466.376,5554481,33.0,raw
466.569,5554483,33.0,raw
466.639,5554485,33.0,raw
466.832,5554485,33.0,raw
466.903,5554486,33.0,raw
467.097,5554488,33.0,raw
467.169,5554491,33.0,raw
467.365,5554495,33.0,raw
467.436,5554502,33.0,raw
467.629,5554507,33.0,raw
467.699,5554511,33.0,raw
467.893,5554518,33.0,raw
467.963,5554526,33.0,raw
468.160,5554533,33.0,raw
468.232,5554540,33.0,raw
468.426,5554546,33.0,raw
468.496,5554549,33.0,raw
468.689,5554551,33.0,raw
468.760,5554553,33.0,raw
468.953,5554553,33.0,raw
469.027,5554553,33.0,raw
469.222,5554553,33.0,raw
469.292,5554555,33.0,raw
469.486,5554558,33.0,raw
469.556,5554560,33.0,raw
469.749,5554562,33.0,raw
469.820,5554562,33.0,raw
470.017,5554561,33.0,raw
470.089,5554559,33.0,raw
470.282,5554555,33.0,raw
470.352,5554547,33.0,raw
470.546,5554534,33.0,raw
470.617,5554517,33.0,raw
470.811,5554498,33.0,raw
470.883,5554480,33.0,raw
471.079,5554463,33.0,raw
471.149,5554445,33.0,raw
471.344,5554426,33.0,raw
471.413,5554406,33.0,raw
471.606,5554382,33.0,raw
471.677,5554354,33.0,raw
471.874,5554325,33.0,raw
471.945,5554295,33.0,raw
472.139,5554266,33.0,raw
472.210,5554239,33.0,raw
472.403,5554212,33.0,raw
472.473,5554186,33.0,raw
472.667,5554162,33.0,raw
472.741,5554140,33.0,raw
472.936,5554120,33.0,raw
473.006,5554101,33.0,raw
473.200,5554085,33.0,raw
473.270,5554070,33.0,raw
473.463,5554054,33.0,raw
473.533,5554038,33.0,raw
473.731,5554024,33.0,raw
473.803,5554011,33.0,raw
473.996,5554000,33.0,raw
474.067,5553990,33.0,raw
474.260,5553982,33.0,raw
474.330,5553967,33.0,raw
474.524,5553943,33.0,raw
474.597,5553915,33.0,raw
474.793,5553892,33.0,raw
474.863,5553871,33.0,raw
475.057,5553855,33.0,raw
475.127,5553839,33.0,raw
475.320,5553826,33.0,raw
475.390,5553815,33.0,raw
475.587,5553805,33.0,raw
475.659,5553798,33.0,raw
475.853,5553795,33.0,raw
475.923,5553795,33.0,raw
476.117,5553797,33.0,raw
476.187,5553801,33.0,raw
476.381,5553807,33.0,raw
476.454,5553812,33.0,raw
476.649,5553820,33.0,raw
476.720,5553822,33.0,raw
476.913,5553820,33.0,raw
476.983,5553814,33.0,raw
477.177,5553805,33.0,raw
477.248,5553795,33.0,raw
477.443,5553783,33.0,raw
477.515,5553770,33.0,raw
477.710,5553757,33.0,raw
477.779,5553742,33.0,raw
477.974,5553723,33.0,raw
478.044,5553702,33.0,raw
478.237,5553679,33.0,raw
478.311,5553655,33.0,raw
478.507,5553630,33.0,raw
478.577,5553612,33.0,raw
478.771,5553598,33.0,raw
478.841,5553581,33.0,raw
479.034,5553560,33.0,raw
479.103,5553535,33.0,raw
479.302,5553518,33.0,raw
479.373,5553505,33.0,raw
479.567,5553494,33.0,raw
479.637,5553481,33.0,raw
479.831,5553467,33.0,raw
479.901,5553450,33.0,raw
480.095,5553432,33.0,raw
480.168,5553414,33.0,raw
480.364,5553398,33.0,raw
480.433,5553382,33.0,raw
480.627,5553366,33.0,raw
480.698,5553349,33.0,raw
480.891,5553333,33.0,raw
480.962,5553323,33.0,raw
481.158,5553317,33.0,raw
481.230,5553313,33.0,raw
481.423,5553312,33.0,raw
481.494,5553311,33.0,raw
481.688,5553308,33.0,raw
481.757,5553304,33.0,raw
481.952,5553301,33.0,raw
482.024,5553299,33.0,raw
482.221,5553298,33.0,raw
482.291,5553298,33.0,raw
482.484,5553298,33.0,raw
482.554,5553298,33.0,raw
482.748,5553294,33.0,raw
482.818,5553293,33.0,raw
483.015,5553297,33.1,raw
483.087,5553311,33.1,raw
483.281,5553332,33.1,raw
483.351,5553360,33.1,raw
483.545,5553380,33.1,raw
483.615,5553395,33.1,raw
483.809,5553406,33.1,raw
483.881,5553417,33.0,raw
484.078,5553428,33.0,raw
484.147,5553441,33.0,raw
484.341,5553455,33.0,raw
484.411,5553469,33.0,raw
484.605,5553483,33.0,raw
484.675,5553497,33.0,raw
484.872,5553510,33.1,raw
484.943,5553522,33.1,raw
485.138,5553533,33.1,raw
485.207,5553542,33.1,raw
485.401,5553549,33.1,raw
485.471,5553554,33.1,raw
485.665,5553558,33.1,raw
485.738,5553561,33.0,raw
485.934,5553562,33.0,raw
486.003,5553562,33.0,raw
486.198,5553561,33.0,raw
486.268,5553560,33.0,raw
486.462,5553560,33.0,raw
486.532,5553560,33.0,raw
486.729,5553561,33.1,raw
486.800,5553562,33.1,raw
486.994,5553568,33.1,raw
487.064,5553573,33.1,raw
487.258,5553577,33.1,raw
487.328,5553579,33.1,raw
487.522,5553580,33.1,raw
487.595,5553577,33.1,raw
487.791,5553572,33.1,raw
487.861,5553562,33.1,raw
488.055,5553548,33.1,raw
488.125,5553530,33.1,raw
488.319,5553509,33.1,raw
488.389,5553485,33.1,raw
488.585,5553459,33.1,raw
488.658,5553431,33.1,raw
488.851,5553401,33.1,raw
488.921,5553372,33.1,raw
489.115,5553346,33.1,raw
489.185,5553322,33.1,raw
489.379,5553299,33.1,raw
489.452,5553280,33.1,raw
489.648,5553263,33.1,raw
489.718,5553248,33.1,raw
489.911,5553234,33.1,raw
489.981,5553204,33.1,raw
490.176,5553165,33.1,raw
490.245,5553119,33.1,raw
490.442,5553074,33.1,raw
490.514,5553029,33.1,raw
490.709,5552983,33.1,raw
490.778,5552938,33.1,raw
490.972,5552892,33.1,raw
491.042,5552836,33.1,raw
491.236,5552783,33.1,raw
491.308,5552735,33.1,raw
491.505,5552691,33.1,raw
491.575,5552650,33.1,raw
491.768,5552614,33.1,raw
491.839,5552587,33.1,raw
492.032,5552567,33.1,raw
492.103,5552556,33.1,raw
492.300,5552553,33.1,raw
492.371,5552555,33.1,raw
492.565,5552561,33.1,raw
492.635,5552567,33.1,raw
492.829,5552577,33.1,raw
492.899,5552591,33.1,raw
493.092,5552606,33.1,raw
493.166,5552619,33.1,raw
493.362,5552630,33.1,raw
493.432,5552639,33.1,raw
493.625,5552646,33.1,raw
493.695,5552650,33.1,raw
493.890,5552651,33.1,raw
493.960,5552651,33.1,raw
494.156,5552650,33.1,raw
494.228,5552665,33.1,raw
494.422,5552693,33.1,raw
494.492,5552735,33.1,raw
494.685,5552782,33.1,raw
494.756,5552827,33.1,raw
494.949,5552877,33.1,raw
495.022,5552929,33.1,raw
495.218,5552983,33.1,raw
495.288,5553049,33.1,raw
495.482,5553113,33.1,raw
495.552,5553172,33.1,raw
495.746,5553228,33.1,raw
495.816,5553280,33.1,raw
496.013,5553324,33.1,raw
496.085,5553362,33.1,raw
496.279,5553392,33.1,raw
496.349,5553414,33.1,raw
496.543,5553432,33.1,raw
496.613,5553448,33.1,raw
496.806,5553461,33.1,raw
496.880,5553477,33.1,raw
497.075,5553493,33.1,raw
497.145,5553506,33.1,raw
497.339,5553514,33.1,raw
497.409,5553520,33.1,raw
497.603,5553523,33.1,raw
497.673,5553524,33.1,raw
497.870,5553524,33.1,raw
497.942,5553524,33.1,raw
498.135,5553527,33.1,raw
498.206,5553532,33.1,raw
498.399,5553539,33.1,raw
498.470,5553547,33.1,raw
498.663,5553556,33.1,raw
498.735,5553562,33.1,raw
498.932,5553565,33.1,raw
499.002,5553572,33.1,raw
499.196,5553575,33.1,raw
499.267,5553577,33.1,raw
499.460,5553578,33.1,raw
499.530,5553579,33.1,raw
499.727,5553581,33.1,raw
499.799,5553582,33.1,raw
499.992,5553582,33.1,raw
500.062,5553583,33.1,raw
500.256,5553588,33.1,raw
500.326,5553592,33.1,raw
500.520,5553594,33.1,raw
500.593,5553597,33.1,raw
500.789,5553599,33.1,raw
500.859,5553600,33.1,raw
501.053,5553598,33.1,raw
501.123,5553595,33.1,raw
501.316,5553590,33.1,raw
501.387,5553587,33.1,raw
501.583,5553588,33.1,raw
501.655,5553593,33.1,raw
501.849,5553600,33.1,raw
501.919,5553608,33.1,raw
502.114,5553618,33.1,raw
502.183,5553629,33.1,raw
502.377,5553635,33.1,raw
502.451,5553636,33.1,raw
502.646,5553636,33.1,raw
502.716,5553634,33.1,raw
502.910,5553631,33.1,raw
502.979,5553627,33.1,raw
503.173,5553622,33.1,raw
503.244,5553616,33.1,raw
503.441,5553609,33.1,raw
503.513,5553601,33.1,raw
503.707,5553593,33.1,raw
503.777,5553584,33.1,raw
503.970,5553574,33.1,raw
504.040,5553564,33.1,raw
504.234,5553556,33.1,raw
504.307,5553549,33.1,raw
504.503,5553542,33.1,raw
504.572,5553537,33.1,raw
504.766,5553535,33.1,raw
504.837,5553534,33.1,raw
505.030,5553531,33.1,raw
505.100,5553527,33.1,raw
505.297,5553526,33.1,raw
505.369,5553525,33.1,raw
505.563,5553521,33.1,raw
505.634,5553511,33.1,raw
505.827,5553497,33.1,raw
505.897,5553479,33.1,raw
506.091,5553464,33.1,raw
506.164,5553453,33.1,raw
506.359,5553442,33.1,raw
506.430,5553431,33.1,raw
506.623,5553422,33.1,raw
506.693,5553417,33.1,raw
506.887,5553413,33.1,raw
506.957,5553410,33.1,raw
507.154,5553408,33.1,raw
507.226,5553406,33.1,raw
507.420,5553406,33.1,raw
507.490,5553408,33.1,raw
507.684,5553411,33.1,raw
507.753,5553413,33.1,raw
507.947,5553414,33.1,raw
508.020,5553413,33.1,raw
508.217,5553410,33.1,raw
508.286,5553406,33.1,raw
508.479,5553401,33.1,raw
508.550,5553396,33.1,raw
508.744,5553393,33.1,raw
508.814,5553392,33.1,raw
509.011,5553392,33.1,raw
509.082,5553392,33.1,raw
509.277,5553394,33.1,raw
509.347,5553397,33.1,raw
509.541,5553398,33.1,raw
509.610,5553400,33.1,raw
509.805,5553402,33.1,raw
509.878,5553408,33.1,raw
510.073,5553418,33.1,raw
510.143,5553431,33.1,raw
510.337,5553441,33.1,raw
510.407,5553449,33.1,raw
510.601,5553456,33.1,raw
510.672,5553462,33.1,raw
510.869,5553468,33.1,raw
510.940,5553474,33.1,raw
511.134,5553477,33.1,raw
511.204,5553477,33.1,raw
511.398,5553477,33.1,raw
511.467,5553476,33.1,raw
511.661,5553473,33.1,raw
511.735,5553468,33.1,raw
511.931,5553459,33.1,raw
512.000,5553442,33.1,raw
512.194,5553418,33.1,raw
512.264,5553390,33.1,raw
512.457,5553363,33.1,raw
512.528,5553343,33.1,raw
512.725,5553328,33.1,raw
512.797,5553316,33.1,raw
512.990,5553304,33.1,raw
513.060,5553292,33.1,raw
513.254,5553281,33.1,raw
513.325,5553269,33.1,raw
513.518,5553258,33.1,raw
513.591,5553250,33.1,raw
513.787,5553243,33.1,raw
513.858,5553237,33.1,raw
514.050,5553229,33.1,raw
514.122,5553219,33.1,raw
514.315,5553208,33.1,raw
514.385,5553195,33.1,raw
514.581,5553182,33.1,raw
514.654,5553171,33.1,raw
514.847,5553162,33.1,raw
514.918,5553150,33.1,raw
515.111,5553136,33.1,raw
515.181,5553114,33.1,raw
515.375,5553088,33.1,raw
515.448,5553066,33.1,raw
515.644,5553053,33.1,raw
515.714,5553046,33.1,raw
515.908,5553045,33.1,raw
515.978,5553046,33.1,raw
516.172,5553051,33.1,raw
516.242,5553066,33.1,raw
516.438,5553089,33.1,raw
516.511,5553117,33.1,raw
516.704,5553144,33.1,raw
516.775,5553162,33.1,raw
516.968,5553174,33.1,raw
517.039,5553182,33.1,raw
517.232,5553187,33.1,raw
517.305,5553194,33.1,raw
517.501,5553203,33.1,raw
517.570,5553210,33.1,raw
517.765,5553216,33.1,raw
517.835,5553222,33.1,raw
518.028,5553228,33.1,raw
518.099,5553234,33.1,raw
518.296,5553243,33.1,raw
518.367,5553254,33.1,raw
518.561,5553263,33.1,raw
518.631,5553271,33.1,raw
518.825,5553277,33.1,raw
518.895,5553279,33.1,raw
519.088,5553278,33.1,raw
519.162,5553278,33.1,raw
519.358,5553279,33.1,raw
519.428,5553288,33.1,raw
519.621,5553304,33.1,raw
519.691,5553317,33.1,raw
519.885,5553322,33.1,raw
519.955,5553318,33.1,raw
520.152,5553304,33.1,raw
520.225,5553289,33.1,raw
520.418,5553274,33.1,raw
520.488,5553261,33.1,raw
520.681,5553248,33.1,raw
520.751,5553234,33.1,raw
520.946,5553219,33.1,raw
521.018,5553205,33.1,raw
521.215,5553194,33.1,raw
521.285,5553185,33.1,raw
521.479,5553179,33.1,raw
521.549,5553169,33.1,raw
521.742,5553156,33.1,raw
521.813,5553144,33.1,raw
522.009,5553134,33.1,raw
522.081,5553125,33.1,raw
522.275,5553117,33.1,raw
522.345,5553109,33.1,raw
522.539,5553102,33.1,raw
522.609,5553098,33.1,raw
522.802,5553097,33.1,raw
522.875,5553098,33.1,raw
523.071,5553102,33.1,raw
523.142,5553108,33.1,raw
523.335,5553115,33.1,raw
523.405,5553123,33.1,raw
523.599,5553131,33.1,raw
523.668,5553138,33.1,raw
523.866,5553143,33.1,raw
523.938,5553147,33.1,raw
524.132,5553151,33.1,raw
524.202,5553159,33.1,raw
524.396,5553170,33.1,raw
524.466,5553179,33.1,raw
524.660,5553186,33.1,raw
524.732,5553189,33.1,raw
524.928,5553190,33.1,raw
524.998,5553191,33.1,raw
525.192,5553194,33.1,raw
525.262,5553199,33.1,raw
525.456,5553202,33.1,raw
525.526,5553202,33.1,raw
525.723,5553202,33.1,raw
525.795,5553202,33.1,raw
525.989,5553203,33.1,raw
526.059,5553205,33.1,raw
526.252,5553206,33.1,raw
526.322,5553207,33.1,raw
526.516,5553207,33.1,raw
526.589,5553203,33.1,raw
526.785,5553195,33.1,raw
526.855,5553186,33.1,raw
527.049,5553176,33.1,raw
527.119,5553167,33.1,raw
527.313,5553158,33.1,raw
527.383,5553150,33.1,raw
527.580,5553142,33.1,raw
527.651,5553135,33.1,raw
527.846,5553130,33.1,raw
527.916,5553128,33.1,raw
528.109,5553129,33.1,raw
528.179,5553132,33.1,raw
528.373,5553136,33.1,raw
528.446,5553141,33.1,raw
528.642,5553145,33.1,raw
528.713,5553148,33.1,raw
528.905,5553151,33.1,raw
528.975,5553155,33.1,raw
529.170,5553161,33.1,raw
529.239,5553169,33.1,raw
529.437,5553177,33.1,raw
529.509,5553184,33.1,raw
529.703,5553189,33.1,raw
529.773,5553193,33.1,raw
529.967,5553195,33.1,raw
530.036,5553192,33.1,raw
530.230,5553184,33.1,raw
530.303,5553175,33.1,raw
530.499,5553165,33.1,raw
530.569,5553155,33.1,raw
530.763,5553147,33.1,raw
530.833,5553143,33.1,raw
531.027,5553140,33.1,raw
531.096,5553135,33.1,raw
531.293,5553129,33.1,raw
531.366,5553125,33.1,raw
531.559,5553122,33.1,raw
531.629,5553119,33.1,raw
531.822,5553117,33.1,raw
531.893,5553115,33.1,raw
532.087,5553111,33.1,raw
532.160,5553105,33.1,raw
532.356,5553098,33.1,raw
532.425,5553088,33.1,raw
532.620,5553076,33.1,raw
532.689,5553063,33.1,raw
532.883,5553051,33.1,raw
532.952,5553041,33.1,raw
533.150,5553033,33.1,raw
533.222,5553026,33.1,raw
533.416,5553019,33.1,raw
533.486,5553012,33.1,raw
533.680,5553005,33.1,raw
533.750,5552997,33.1,raw
533.944,5552990,33.1,raw
534.016,5552983,33.1,raw
534.213,5552976,33.1,raw
534.283,5552974,33.1,raw
534.477,5552974,33.1,raw
534.547,5552974,33.1,raw
534.740,5552974,33.1,raw
534.810,5552974,33.1,raw
535.007,5552974,33.1,raw
535.079,5552974,33.1,raw
535.273,5552974,33.1,raw
535.342,5552973,33.1,raw
535.537,5552971,33.1,raw
535.607,5552964,33.1,raw
535.800,5552953,33.1,raw
535.874,5552939,33.1,raw
536.070,5552923,33.1,raw
536.139,5552905,33.1,raw
536.334,5552888,33.1,raw
536.404,5552873,33.1,raw
536.597,5552859,33.1,raw
536.667,5552848,33.1,raw
536.864,5552840,33.1,raw
536.936,5552834,33.1,raw
537.130,5552830,33.1,raw
537.200,5552827,33.1,raw
537.394,5552824,33.1,raw
537.464,5552821,33.1,raw
537.657,5552818,33.1,raw
537.730,5552814,33.1,raw
537.927,5552814,33.1,raw
537.996,5552818,33.1,raw
538.190,5552825,33.1,raw
538.260,5552835,33.1,raw
538.454,5552848,33.1,raw
538.523,5552860,33.1,raw
538.721,5552873,33.1,raw
538.793,5552885,33.1,raw
538.987,5552897,33.1,raw
539.057,5552909,33.1,raw
539.250,5552921,33.1,raw
539.320,5552933,33.1,raw
539.514,5552945,33.1,raw
539.587,5552957,33.1,raw
539.783,5552969,33.1,raw
539.854,5552981,33.1,raw
540.047,5552995,33.1,raw
540.116,5553010,33.1,raw
540.311,5553026,33.1,raw
540.380,5553042,33.1,raw
540.578,5553057,33.1,raw
540.649,5553069,33.1,raw
540.843,5553079,33.1,raw
540.914,5553088,33.1,raw
541.108,5553097,33.1,raw
541.178,5553106,33.1,raw
541.371,5553115,33.1,raw
541.443,5553122,33.1,raw
541.640,5553129,33.1,raw
541.710,5553135,33.1,raw
541.903,5553140,33.1,raw
541.974,5553145,33.1,raw
542.167,5553146,33.1,raw
542.237,5553144,33.1,raw
542.435,5553139,33.1,raw
542.506,5553133,33.1,raw
542.700,5553124,33.1,raw
542.770,5553116,33.1,raw
542.964,5553110,33.1,raw
543.034,5553104,33.1,raw
543.229,5553099,33.1,raw
543.301,5553096,33.1,raw
543.497,5553094,33.1,raw
543.567,5553091,33.1,raw
543.761,5553089,33.1,raw
543.831,5553088,33.1,raw
544.025,5553087,33.1,raw
544.095,5553085,33.1,raw
544.292,5553081,33.1,raw
544.364,5553076,33.1,raw
544.557,5553070,33.1,raw
544.627,5553066,33.1,raw
544.821,5553063,33.1,raw
544.892,5553061,33.1,raw
545.085,5553060,33.1,raw
545.158,5553060,33.1,raw
545.353,5553061,33.1,raw
545.424,5553062,33.1,raw
545.617,5553063,33.1,raw
545.690,5553066,33.1,raw
545.882,5553070,33.1,raw
545.952,5553077,33.1,raw
546.149,5553085,33.1,raw
546.220,5553093,33.1,raw
546.413,5553099,33.1,raw
546.484,5553105,33.1,raw
546.678,5553110,33.1,raw
546.748,5553113,33.1,raw
546.941,5553117,33.1,raw
547.015,5553120,33.1,raw
547.210,5553122,33.1,raw
547.281,5553122,33.1,raw
547.474,5553122,33.1,raw
547.545,5553119,33.1,raw
547.739,5553116,33.1,raw
547.808,5553115,33.1,raw
548.005,5553114,33.1,raw
548.078,5553114,33.1,raw
548.270,5553117,33.1,raw
548.342,5553121,33.1,raw
548.535,5553121,33.1,raw
548.605,5553117,33.1,raw
548.798,5553109,33.1,raw
548.871,5553099,33.1,raw
549.068,5553092,33.1,raw
549.138,5553088,33.1,raw
549.331,5553087,33.1,raw
549.401,5553085,33.1,raw
549.595,5553083,33.1,raw
549.665,5553079,33.1,raw
549.862,5553074,33.1,raw
549.934,5553064,33.1,raw
550.128,5553054,33.1,raw
550.198,5553045,33.1,raw
550.392,5553037,33.1,raw
550.462,5553030,33.1,raw
550.655,5553027,33.1,raw
550.728,5553026,33.1,raw
550.924,5553018,33.1,raw
550.994,5553005,33.1,raw
551.188,5552987,33.1,raw
551.258,5552966,33.1,raw
551.452,5552948,33.1,raw
551.522,5552932,33.1,raw
551.719,5552919,33.1,raw
551.791,5552908,33.1,raw
551.985,5552899,33.1,raw
552.054,5552892,33.1,raw
552.249,5552887,33.1,raw
552.319,5552881,33.1,raw
552.513,5552874,33.1,raw
552.586,5552868,33.1,raw
552.781,5552868,33.1,raw
552.851,5552874,33.1,raw
553.045,5552885,33.1,raw
553.115,5552899,33.1,raw
553.309,5552911,33.1,raw
553.380,5552919,33.1,raw
553.575,5552924,33.1,raw
553.648,5552927,33.1,raw
553.842,5552928,33.1,raw
553.912,5552929,33.1,raw
554.106,5552930,33.1,raw
554.176,5552934,33.1,raw
554.370,5552935,33.1,raw
554.442,5552934,33.1,raw
554.638,5552930,33.1,raw
554.709,5552924,33.1,raw
554.901,5552916,33.1,raw
554.972,5552907,33.1,raw
555.166,5552904,33.1,raw
555.236,5552907,33.1,raw
555.433,5552915,33.1,raw
555.505,5552926,33.1,raw
555.699,5552937,33.1,raw
555.768,5552947,33.1,raw
555.962,5552955,33.1,raw
556.032,5552961,33.1,raw
556.226,5552964,33.1,raw
556.300,5552962,33.1,raw
556.495,5552956,33.1,raw
556.565,5552950,33.1,raw
556.759,5552943,33.1,raw
556.829,5552936,33.1,raw
557.023,5552929,33.1,raw
557.093,5552923,33.1,raw
557.290,5552916,33.1,raw
557.362,5552909,33.1,raw
557.556,5552901,33.1,raw
557.625,5552893,33.1,raw
557.820,5552885,33.1,raw
557.890,5552878,33.1,raw
558.083,5552870,33.1,raw
558.156,5552862,33.1,raw
558.351,5552854,33.1,raw
558.422,5552844,33.1,raw
558.616,5552832,33.1,raw
558.685,5552819,33.1,raw
558.880,5552807,33.1,raw
558.949,5552797,33.1,raw
559.147,5552789,33.1,raw
559.219,5552783,33.1,raw
559.413,5552778,33.1,raw
559.482,5552774,33.1,raw
559.676,5552770,33.1,raw
559.746,5552766,33.1,raw
559.940,5552762,33.1,raw
560.013,5552757,33.1,raw
560.209,5552754,33.1,raw
560.279,5552753,33.1,raw
560.473,5552753,33.1,raw
560.543,5552755,33.1,raw
560.737,5552758,33.1,raw
560.806,5552760,33.1,raw
561.003,5552762,33.1,raw
561.075,5552764,33.1,raw
561.269,5552765,33.1,raw
561.339,5552765,33.1,raw
561.533,5552765,33.1,raw
561.603,5552764,33.1,raw
561.797,5552763,33.1,raw
561.870,5552761,33.1,raw
562.065,5552759,33.1,raw
562.136,5552758,33.1,raw
562.330,5552758,33.1,raw
562.400,5552758,33.1,raw
562.593,5552760,33.1,raw
562.664,5552765,33.1,raw
562.860,5552769,33.1,raw
562.933,5552773,33.1,raw
563.126,5552776,33.1,raw
563.195,5552779,33.1,raw
563.390,5552780,33.1,raw
563.460,5552781,33.1,raw
563.654,5552781,33.1,raw
563.727,5552781,33.1,raw
563.922,5552781,33.1,raw
563.993,5552781,33.1,raw
564.187,5552781,33.1,raw
564.257,5552781,33.1,raw
564.450,5552780,33.1,raw
564.520,5552778,33.1,raw
564.717,5552776,33.1,raw
564.789,5552773,33.1,raw
564.982,5552770,33.1,raw
565.053,5552768,33.1,raw
565.246,5552767,33.1,raw
565.317,5552767,33.1,raw
565.510,5552767,33.1,raw
565.584,5552767,33.1,raw
565.779,5552767,33.1,raw
565.849,5552767,33.1,raw
566.044,5552767,33.1,raw
566.113,5552768,33.1,raw
566.308,5552769,33.1,raw
566.377,5552770,33.1,raw
566.574,5552771,33.1,raw
566.646,5552772,33.1,raw
566.840,5552773,33.1,raw
566.909,5552776,33.1,raw
567.103,5552781,33.1,raw
567.174,5552787,33.1,raw
567.368,5552794,33.1,raw
567.441,5552799,33.2,raw
567.636,5552803,33.2,raw
567.706,5552805,33.2,raw
567.900,5552805,33.2,raw
567.970,5552804,33.2,raw
568.164,5552801,33.2,raw
568.234,5552798,33.2,raw
568.431,5552795,33.1,raw
568.503,5552792,33.1,raw
568.697,5552788,33.1,raw
568.766,5552784,33.1,raw
568.961,5552778,33.1,raw
569.031,5552772,33.1,raw
569.225,5552766,33.1,raw
569.297,5552760,33.1,raw
569.493,5552753,33.1,raw
569.563,5552747,33.1,raw
569.757,5552740,33.1,raw
569.827,5552732,33.1,raw
570.021,5552724,33.1,raw
570.091,5552717,33.1,raw
570.287,5552710,33.1,raw
570.359,5552702,33.1,raw
570.553,5552695,33.1,raw
570.624,5552688,33.1,raw
570.817,5552680,33.1,raw
570.887,5552670,33.1,raw
571.081,5552657,33.1,raw
571.154,5552639,33.1,raw
571.350,5552619,33.1,raw
571.420,5552597,33.1,raw
571.614,5552576,33.1,raw
571.683,5552558,33.1,raw
571.878,5552541,33.1,raw
571.948,5552527,33.1,raw
572.145,5552515,33.1,raw
572.216,5552505,33.1,raw
572.410,5552497,33.1,raw
572.481,5552491,33.1,raw
572.674,5552483,33.1,raw
572.744,5552474,33.1,raw
572.938,5552462,33.1,raw
573.012,5552449,33.1,raw
573.207,5552434,33.1,raw
573.277,5552417,33.1,raw
573.470,5552399,33.1,raw
573.540,5552380,33.1,raw
573.734,5552361,33.1,raw
573.805,5552342,33.1,raw
574.001,5552326,33.1,raw
574.074,5552313,33.1,raw
574.267,5552300,33.1,raw
574.337,5552287,33.1,raw
574.531,5552275,33.1,raw
574.601,5552262,33.1,raw
574.794,5552249,33.1,raw
574.868,5552235,33.1,raw
575.064,5552220,33.1,raw
575.134,5552210,33.1,raw
575.327,5552204,33.1,raw
575.398,5552198,33.1,raw
575.591,5552197,33.1,raw
575.661,5552197,33.1,raw
575.858,5552195,33.1,raw
575.930,5552192,33.1,raw
576.124,5552189,33.1,raw
576.194,5552186,33.1,raw
576.388,5552183,33.1,raw
576.458,5552179,33.1,raw
576.652,5552174,33.1,raw
576.725,5552167,33.1,raw
576.921,5552159,33.1,raw
576.991,5552150,33.1,raw
577.185,5552141,33.1,raw
577.254,5552133,33.1,raw
577.449,5552127,33.1,raw
577.519,5552123,33.1,raw
577.715,5552118,33.1,raw
577.787,5552112,33.1,raw
577.981,5552109,33.1,raw
578.051,5552104,33.1,raw
578.245,5552096,33.1,raw
578.315,5552086,33.1,raw
578.508,5552077,33.1,raw
578.581,5552068,33.1,raw
578.777,5552060,33.1,raw
578.847,5552052,33.1,raw
579.041,5552044,33.1,raw
579.111,5552037,33.1,raw
579.305,5552031,33.1,raw
579.374,5552023,33.1,raw
579.572,5552014,33.1,raw
579.645,5552008,33.1,raw
579.838,5552000,33.1,raw
579.908,5551994,33.1,raw
580.101,5551990,33.1,raw
580.171,5551986,33.1,raw
580.365,5551982,33.1,raw
580.439,5551975,33.1,raw
580.634,5551964,33.1,raw
580.704,5551950,33.1,raw
580.899,5551936,33.1,raw
580.968,5551923,33.1,raw
581.162,5551909,33.1,raw
581.232,5551897,33.1,raw
581.429,5551886,33.1,raw
581.501,5551880,33.1,raw
581.694,5551878,33.1,raw
581.765,5551877,33.1,raw
581.958,5551880,33.1,raw
582.028,5551885,33.1,raw
582.222,5551888,33.1,raw
582.295,5551892,33.1,raw
582.492,5551898,33.1,raw
582.561,5551904,33.1,raw
582.755,5551910,33.1,raw
582.825,5551916,33.1,raw
583.019,5551923,33.1,raw
583.089,5551932,33.1,raw
583.286,5551942,33.1,raw
583.357,5551954,33.1,raw
583.551,5551967,33.1,raw
583.621,5551980,33.1,raw
583.816,5551992,33.1,raw
583.886,5552003,33.1,raw
584.079,5552014,33.1,raw
584.152,5552024,33.1,raw
584.349,5552034,33.1,raw
584.418,5552043,33.1,raw
584.612,5552050,33.1,raw
584.682,5552058,33.1,raw
584.875,5552069,33.1,raw
584.946,5552081,33.1,raw
585.142,5552094,33.1,raw
585.215,5552106,33.1,raw
585.409,5552122,33.1,raw
585.479,5552136,33.1,raw
585.672,5552150,33.1,raw
585.742,5552163,33.1,raw
585.936,5552174,33.1,raw
586.009,5552184,33.1,raw
586.205,5552192,33.1,raw
586.275,5552199,33.1,raw
586.469,5552205,33.1,raw
586.538,5552209,33.1,raw
586.733,5552212,33.1,raw
586.803,5552213,33.1,raw
586.999,5552213,33.1,raw
587.072,5552211,33.1,raw
587.265,5552208,33.1,raw
587.335,5552204,33.1,raw
587.529,5552199,33.1,raw
587.600,5552194,33.1,raw
587.792,5552190,33.1,raw
587.866,5552187,33.1,raw
588.062,5552185,33.1,raw
588.133,5552185,33.1,raw
588.326,5552185,33.1,raw
588.396,5552186,33.1,raw
588.590,5552188,33.1,raw
588.659,5552191,33.1,raw
588.857,5552198,33.1,raw
588.928,5552208,33.1,raw
589.122,5552221,33.1,raw
589.192,5552233,33.1,raw
589.386,5552245,33.1,raw
589.456,5552254,33.1,raw
589.650,5552262,33.1,raw
589.723,5552268,33.1,raw
589.919,5552272,33.1,raw
589.989,5552274,33.1,raw
590.182,5552274,33.1,raw
590.253,5552274,33.1,raw
590.446,5552275,33.1,raw
590.516,5552278,33.1,raw
590.713,5552283,33.1,raw
590.786,5552290,33.1,raw
590.979,5552298,33.1,raw
591.049,5552305,33.1,raw
591.242,5552311,33.1,raw
591.313,5552316,33.1,raw
591.507,5552319,33.1,raw
591.580,5552320,33.1,raw
591.775,5552319,33.1,raw
591.845,5552316,33.1,raw
592.040,5552311,33.1,raw
592.109,5552308,33.1,raw
592.303,5552305,33.1,raw
592.373,5552302,33.1,raw
592.570,5552298,33.1,raw
592.642,5552292,33.1,raw
592.835,5552285,33.1,raw
592.906,5552278,33.1,raw
593.100,5552270,33.1,raw
593.170,5552261,33.1,raw
593.363,5552251,33.1,raw
593.437,5552241,33.2,raw
593.632,5552231,33.2,raw
593.702,5552222,33.2,raw
593.897,5552213,33.2,raw
593.966,5552204,33.2,raw
594.160,5552195,33.2,raw
594.230,5552187,33.2,raw
594.427,5552179,33.1,raw
594.499,5552170,33.1,raw
594.692,5552160,33.1,raw
594.762,5552149,33.1,raw
594.957,5552135,33.1,raw
595.026,5552119,33.1,raw
595.220,5552102,33.1,raw
595.294,5552087,33.1,raw
595.490,5552072,33.1,raw
595.559,5552060,33.1,raw
595.753,5552052,33.1,raw
595.824,5552046,33.1,raw
596.017,5552041,33.1,raw
596.087,5552037,33.1,raw
596.284,5552032,33.2,raw
596.356,5552023,33.2,raw
596.549,5552010,33.2,raw
596.620,5551996,33.2,raw
596.814,5551981,33.2,raw
596.884,5551967,33.2,raw
597.077,5551954,33.2,raw
597.150,5551941,33.2,raw
597.346,5551928,33.2,raw
597.416,5551915,33.2,raw
597.610,5551903,33.2,raw
597.680,5551893,33.2,raw
597.873,5551884,33.2,raw
597.943,5551878,33.2,raw
598.140,5551874,33.2,raw
598.213,5551870,33.2,raw
598.407,5551867,33.2,raw
598.477,5551863,33.2,raw
598.670,5551857,33.2,raw
598.741,5551850,33.2,raw
598.934,5551843,33.2,raw
599.007,5551837,33.2,raw
599.203,5551834,33.2,raw
599.273,5551833,33.2,raw
599.467,5551833,33.2,raw
599.537,5551835,33.2,raw
599.731,5551841,33.2,raw
599.800,5551846,33.2,raw
599.998,5551851,33.2,raw
600.069,5551856,33.2,raw
600.263,5551862,33.2,raw
600.334,5551867,33.2,raw
600.528,5551871,33.2,raw
600.598,5551874,33.2,raw
600.791,5551878,33.2,raw
600.864,5551881,33.2,raw
601.060,5551885,33.2,raw
601.130,5551888,33.2,raw
601.324,5551891,33.2,raw
601.393,5551894,33.2,raw
601.587,5551897,33.2,raw
601.657,5551901,33.2,raw
601.854,5551905,33.2,raw
601.926,5551909,33.2,raw
602.120,5551913,33.2,raw
602.190,5551918,33.2,raw
602.384,5551922,33.2,raw
602.454,5551925,33.2,raw
602.648,5551927,33.2,raw
602.721,5551929,33.2,raw
602.917,5551931,33.2,raw
602.987,5551933,33.2,raw
603.179,5551935,33.2,raw
603.251,5551936,33.2,raw
603.443,5551937,33.2,raw
603.514,5551937,33.2,raw
603.712,5551937,33.2,raw
603.783,5551935,33.2,raw
603.977,5551931,33.2,raw
604.047,5551926,33.2,raw
604.240,5551920,33.2,raw
604.311,5551914,33.2,raw
604.505,5551909,33.2,raw
604.578,5551905,33.2,raw
604.774,5551901,33.2,raw
604.844,5551897,33.2,raw
605.038,5551894,33.2,raw
605.108,5551890,33.2,raw
605.301,5551884,33.2,raw
605.371,5551877,33.2,raw
605.569,5551869,33.2,raw
605.639,5551860,33.2,raw
605.833,5551849,33.2,raw
605.904,5551835,33.2,raw
606.098,5551819,33.2,raw
606.168,5551800,33.2,raw
606.362,5551780,33.2,raw
606.434,5551758,33.2,raw
606.630,5551737,33.2,raw
606.701,5551720,33.2,raw
606.894,5551709,33.2,raw
606.965,5551703,33.2,raw
607.158,5551700,33.2,raw
607.228,5551700,33.2,raw
607.425,5551700,33.2,raw
607.497,5551701,33.2,raw
607.691,5551701,33.2,raw
607.760,5551701,33.2,raw
607.955,5551702,33.2,raw
608.024,5551703,33.2,raw
608.218,5551704,33.2,raw
608.292,5551705,33.2,raw
608.488,5551706,33.2,raw
608.558,5551706,33.2,raw
608.751,5551704,33.2,raw
608.821,5551699,33.2,raw
609.015,5551694,33.2,raw
609.085,5551690,33.2,raw
609.282,5551687,33.2,raw
609.354,5551685,33.2,raw
609.548,5551684,33.2,raw
609.618,5551682,33.2,raw
609.812,5551685,33.2,raw
609.882,5551686,33.2,raw
610.075,5551687,33.2,raw
610.148,5551687,33.2,raw
610.343,5551689,33.2,raw
610.415,5551691,33.2,raw
610.608,5551689,33.2,raw
610.678,5551684,33.2,raw
610.871,5551675,33.2,raw
610.941,5551660,33.2,raw
611.139,5551640,33.2,raw
611.211,5551617,33.2,raw
611.405,5551593,33.2,raw
611.474,5551569,33.2,raw
611.668,5551545,33.2,raw
611.738,5551523,33.2,raw
611.933,5551503,33.2,raw
612.006,5551485,33.2,raw
612.201,5551468,33.2,raw
612.271,5551456,33.2,raw
612.465,5551448,33.2,raw
612.535,5551444,33.2,raw
612.729,5551441,33.2,raw
612.799,5551438,33.2,raw
612.996,5551438,33.2,raw
613.067,5551438,33.2,raw
613.261,5551438,33.2,raw
613.331,5551440,33.2,raw
613.525,5551444,33.2,raw
613.595,5551447,33.2,raw
613.789,5551451,33.2,raw
613.863,5551458,33.2,raw
614.058,5551461,33.2,raw
614.128,5551467,33.2,raw
614.322,5551475,33.2,raw
614.392,5551484,33.2,raw
614.585,5551495,33.2,raw
614.656,5551507,33.2,raw
614.852,5551524,33.2,raw
614.925,5551544,33.2,raw
615.118,5551563,33.2,raw
615.188,5551581,33.2,raw
615.382,5551597,33.2,raw
615.451,5551614,33.2,raw
615.645,5551631,33.2,raw
615.718,5551645,33.2,raw
615.914,5551658,33.2,raw
615.985,5551670,33.2,raw
616.179,5551683,33.2,raw
616.248,5551697,33.2,raw
616.442,5551712,33.2,raw
616.513,5551723,33.2,raw
616.710,5551731,33.2,raw
616.781,5551736,33.2,raw
616.975,5551737,33.2,raw
617.045,5551737,33.2,raw
617.239,5551735,33.2,raw
617.309,5551734,33.2,raw
617.503,5551734,33.2,raw
617.576,5551734,33.2,raw
617.772,5551730,33.2,raw
617.842,5551729,33.2,raw
618.036,5551729,33.2,raw
618.106,5551729,33.2,raw
618.299,5551730,33.2,raw
618.370,5551732,33.2,raw
618.566,5551735,33.2,raw
618.638,5551737,33.2,raw
618.832,5551738,33.2,raw
618.902,5551736,33.2,raw
619.096,5551733,33.2,raw
619.166,5551732,33.2,raw
619.360,5551735,33.2,raw
619.433,5551743,33.2,raw
619.628,5551754,33.2,raw
619.698,5551764,33.2,raw
619.892,5551770,33.2,raw
619.962,5551773,33.2,raw
620.157,5551773,33.2,raw
620.226,5551775,33.2,raw
620.423,5551777,33.2,raw
620.495,5551779,33.2,raw
620.689,5551781,33.2,raw
620.759,5551781,33.2,raw
620.952,5551781,33.2,raw
621.022,5551783,33.2,raw
621.217,5551788,33.2,raw
621.290,5551794,33.2,raw
621.485,5551802,33.2,raw
621.555,5551812,33.2,raw
621.749,5551821,33.2,raw
621.819,5551830,33.2,raw
622.013,5551839,33.2,raw
622.083,5551847,33.2,raw
622.280,5551852,33.2,raw
622.352,5551855,33.2,raw
622.545,5551856,33.2,raw
622.615,5551856,33.2,raw
622.810,5551855,33.2,raw
622.879,5551855,33.2,raw
623.073,5551855,33.2,raw
623.147,5551858,33.2,raw
623.342,5551863,33.2,raw
623.413,5551867,33.2,raw
623.606,5551870,33.2,raw
623.677,5551873,33.2,raw
623.870,5551874,33.2,raw
623.940,5551874,33.2,raw
624.137,5551875,33.2,raw
624.209,5551878,33.2,raw
624.403,5551882,33.2,raw
624.473,5551882,33.2,raw
624.667,5551879,33.2,raw
624.736,5551871,33.2,raw
624.930,5551858,33.2,raw
625.004,5551843,33.2,raw
625.200,5551827,33.2,raw
625.269,5551812,33.2,raw
625.463,5551798,33.2,raw
625.533,5551785,33.2,raw
625.726,5551774,33.2,raw
625.797,5551767,33.2,raw
625.994,5551763,33.2,raw
626.066,5551758,33.2,raw
626.259,5551753,33.2,raw
626.329,5551747,33.2,raw
626.524,5551740,33.2,raw
626.593,5551732,33.2,raw
626.787,5551725,33.2,raw
626.860,5551719,33.3,raw
627.056,5551714,33.3,raw
627.126,5551709,33.3,raw
627.320,5551705,33.3,raw
627.389,5551701,33.3,raw
627.583,5551695,33.3,raw
627.654,5551688,33.3,raw
627.851,5551681,33.2,raw
627.922,5551674,33.2,raw
628.117,5551668,33.2,raw
628.186,5551664,33.2,raw
628.380,5551662,33.2,raw
628.450,5551660,33.2,raw
628.644,5551659,33.2,raw
628.717,5551658,33.3,raw
628.913,5551658,33.3,raw
628.982,5551659,33.3,raw
629.177,5551662,33.3,raw
629.247,5551666,33.3,raw
629.440,5551670,33.3,raw
629.510,5551671,33.3,raw
629.708,5551669,33.2,raw
629.780,5551664,33.2,raw
629.973,5551659,33.2,raw
630.043,5551650,33.2,raw
630.237,5551639,33.2,raw
630.307,5551630,33.2,raw
630.501,5551623,33.2,raw
630.573,5551617,33.2,raw
630.770,5551612,33.2,raw
630.840,5551608,33.2,raw
631.034,5551604,33.2,raw
631.103,5551598,33.2,raw
631.297,5551592,33.2,raw
631.368,5551583,33.2,raw
631.565,5551574,33.2,raw
631.636,5551564,33.2,raw
631.830,5551555,33.2,raw
631.900,5551548,33.2,raw
632.094,5551543,33.2,raw
632.163,5551540,33.2,raw
632.358,5551538,33.2,raw
632.431,5551537,33.2,raw
632.627,5551536,33.2,raw
632.697,5551536,33.2,raw
632.891,5551537,33.2,raw
632.960,5551538,33.2,raw
633.155,5551541,33.2,raw
633.223,5551549,33.2,raw
633.421,5551557,33.2,raw
633.493,5551569,33.2,raw
633.687,5551584,33.2,raw
633.757,5551600,33.2,raw
633.951,5551615,33.2,raw
634.020,5551630,33.2,raw
634.215,5551643,33.2,raw
634.288,5551655,33.2,raw
634.484,5551665,33.2,raw
634.554,5551673,33.2,raw
634.747,5551680,33.2,raw
634.818,5551687,33.2,raw
635.011,5551693,33.2,raw
635.080,5551697,33.2,raw
635.279,5551700,33.2,raw
635.350,5551703,33.2,raw
635.544,5551707,33.2,raw
635.614,5551712,33.2,raw
635.807,5551717,33.2,raw
635.877,5551723,33.2,raw
636.072,5551731,33.2,raw
636.144,5551738,33.2,raw
636.341,5551744,33.2,raw
636.410,5551751,33.2,raw
636.604,5551755,33.2,raw
636.674,5551758,33.2,raw
636.868,5551759,33.2,raw
636.939,5551760,33.2,raw
637.135,5551760,33.2,raw
637.206,5551760,33.2,raw
637.401,5551759,33.2,raw
637.471,5551754,33.2,raw
637.663,5551748,33.2,raw
637.734,5551738,33.2,raw
637.928,5551726,33.2,raw
638.001,5551714,33.2,raw
638.198,5551703,33.2,raw
638.267,5551693,33.2,raw
638.461,5551684,33.2,raw
638.531,5551675,33.2,raw
638.725,5551667,33.2,raw
638.795,5551659,33.2,raw
638.993,5551651,33.2,raw
639.063,5551642,33.2,raw
639.257,5551632,33.2,raw
639.327,5551624,33.2,raw
639.522,5551617,33.2,raw
639.592,5551614,33.2,raw
639.786,5551613,33.2,raw
639.859,5551613,33.2,raw
640.054,5551614,33.2,raw
640.123,5551615,33.2,raw
640.317,5551613,33.2,raw
640.388,5551611,33.2,raw
640.581,5551610,33.2,raw
640.652,5551608,33.2,raw
640.849,5551607,33.2,raw
640.921,5551607,33.2,raw
641.114,5551607,33.2,raw
641.185,5551607,33.2,raw
641.378,5551607,33.2,raw
641.448,5551606,33.2,raw
641.643,5551605,33.2,raw
641.715,5551603,33.2,raw
641.911,5551601,33.2,raw
641.980,5551599,33.2,raw
642.175,5551598,33.2,raw
642.245,5551597,33.2,raw
642.438,5551596,33.2,raw
642.509,5551595,33.2,raw
642.706,5551595,33.2,raw
642.778,5551595,33.2,raw
642.971,5551595,33.2,raw
643.041,5551595,33.2,raw
643.235,5551596,33.2,raw
643.306,5551601,33.2,raw
643.499,5551609,33.2,raw
643.572,5551619,33.2,raw
643.767,5551628,33.2,raw
643.838,5551634,33.2,raw
644.031,5551639,33.2,raw
644.102,5551642,33.2,raw
644.296,5551644,33.2,raw
644.366,5551645,33.2,raw
644.563,5551648,33.2,raw
644.634,5551651,33.2,raw
644.828,5551654,33.2,raw
644.898,5551657,33.2,raw
645.093,5551661,33.2,raw
645.162,5551664,33.2,raw
645.356,5551668,33.2,raw
645.429,5551674,33.2,raw
645.625,5551679,33.2,raw
645.695,5551688,33.2,raw
645.889,5551699,33.2,raw
645.958,5551710,33.2,raw
646.151,5551721,33.2,raw
646.222,5551733,33.2,raw
646.420,5551746,33.2,raw
646.492,5551759,33.2,raw
646.685,5551772,33.2,raw
646.755,5551785,33.2,raw
646.949,5551797,33.2,raw
647.019,5551808,33.2,raw
647.213,5551818,33.2,raw
647.286,5551828,33.2,raw
647.481,5551839,33.2,raw
647.551,5551848,33.2,raw
647.745,5551856,33.2,raw
647.816,5551862,33.2,raw
648.009,5551868,33.2,raw
648.079,5551872,33.2,raw
648.277,5551876,33.3,raw
648.348,5551880,33.3,raw
648.543,5551883,33.3,raw
648.612,5551883,33.3,raw
648.806,5551881,33.3,raw
648.875,5551877,33.3,raw
649.069,5551872,33.3,raw
649.142,5551866,33.3,raw
649.339,5551861,33.3,raw
649.408,5551856,33.3,raw
649.602,5551849,33.3,raw
649.672,5551841,33.3,raw
649.866,5551832,33.3,raw
649.936,5551822,33.3,raw
650.133,5551812,33.3,raw
650.205,5551804,33.3,raw
650.399,5551798,33.3,raw
650.468,5551793,33.3,raw
650.662,5551789,33.3,raw
650.732,5551784,33.3,raw
650.926,5551777,33.3,raw
651.000,5551770,33.3,raw
651.196,5551761,33.3,raw
651.266,5551753,33.3,raw
651.459,5551745,33.3,raw
651.529,5551736,33.3,raw
651.723,5551726,33.3,raw
651.792,5551714,33.3,raw
651.990,5551701,33.2,raw
652.062,5551687,33.2,raw
652.256,5551674,33.2,raw
652.325,5551663,33.2,raw
652.520,5551652,33.2,raw
652.589,5551642,33.2,raw
652.784,5551635,33.2,raw
652.856,5551632,33.3,raw
653.051,5551632,33.3,raw
653.122,5551635,33.3,raw
653.316,5551639,33.3,raw
653.385,5551642,33.3,raw
653.580,5551643,33.3,raw
653.649,5551644,33.3,raw
653.847,5551645,33.2,raw
653.919,5551648,33.2,raw
654.113,5551652,33.2,raw
654.183,5551657,33.2,raw
654.376,5551662,33.2,raw
654.446,5551665,33.2,raw
654.640,5551666,33.2,raw
654.713,5551666,33.2,raw
654.909,5551664,33.2,raw
654.979,5551662,33.2,raw
655.173,5551661,33.2,raw
655.243,5551660,33.2,raw
655.437,5551660,33.2,raw
655.507,5551660,33.2,raw
655.703,5551661,33.2,raw
655.776,5551662,33.2,raw
655.969,5551665,33.2,raw
656.039,5551670,33.2,raw
656.233,5551677,33.2,raw
656.303,5551686,33.2,raw
656.497,5551694,33.2,raw
656.570,5551702,33.2,raw
656.766,5551708,33.2,raw
656.836,5551713,33.2,raw
657.030,5551717,33.2,raw
657.100,5551720,33.2,raw
657.294,5551724,33.2,raw
657.363,5551728,33.2,raw
657.560,5551733,33.2,raw
657.633,5551739,33.2,raw
657.826,5551744,33.2,raw
657.896,5551749,33.2,raw
658.090,5551753,33.2,raw
658.160,5551756,33.2,raw
658.354,5551759,33.2,raw
658.427,5551761,33.2,raw
658.623,5551762,33.2,raw
658.693,5551764,33.2,raw
658.887,5551766,33.2,raw
658.957,5551768,33.2,raw
659.150,5551770,33.2,raw
659.220,5551771,33.2,raw
659.418,5551773,33.2,raw
659.489,5551774,33.2,raw
659.683,5551774,33.2,raw
659.754,5551774,33.2,raw
659.947,5551773,33.2,raw
660.017,5551772,33.2,raw
660.210,5551770,33.2,raw
660.284,5551767,33.2,raw
660.480,5551764,33.2,raw
660.550,5551761,33.2,raw
660.744,5551758,33.2,raw
660.814,5551756,33.2,raw
661.007,5551757,33.2,raw
661.077,5551759,33.2,raw
661.275,5551762,33.3,raw
661.346,5551765,33.3,raw
661.540,5551767,33.3,raw
661.610,5551767,33.3,raw
661.804,5551767,33.3,raw
661.874,5551765,33.3,raw
662.068,5551762,33.3,raw
662.141,5551759,33.2,raw
662.337,5551757,33.2,raw
662.407,5551756,33.2,raw
662.600,5551755,33.2,raw
662.670,5551754,33.2,raw
662.864,5551753,33.2,raw
662.934,5551752,33.2,raw
663.131,5551752,33.3,raw
663.204,5551756,33.3,raw
663.396,5551764,33.3,raw
663.467,5551776,33.3,raw
663.660,5551790,33.3,raw
663.731,5551807,33.3,raw
663.923,5551826,33.3,raw
663.998,5551845,33.3,raw
664.194,5551862,33.3,raw
664.263,5551877,33.3,raw
664.458,5551890,33.3,raw
664.528,5551902,33.3,raw
664.721,5551913,33.3,raw
664.791,5551925,33.3,raw
664.988,5551936,33.3,raw
665.060,5551947,33.3,raw
665.254,5551955,33.3,raw
665.323,5551963,33.3,raw
665.518,5551971,33.3,raw
665.588,5551979,33.3,raw
665.781,5551988,33.3,raw
665.854,5551998,33.3,raw
666.050,5552007,33.3,raw
666.120,5552016,33.3,raw
666.315,5552026,33.3,raw
666.384,5552036,33.3,raw
666.578,5552047,33.3,raw
666.647,5552061,33.3,raw
666.845,5552076,33.3,raw
666.916,5552091,33.3,raw
667.111,5552106,33.3,raw
667.180,5552121,33.3,raw
667.375,5552136,33.3,raw
667.444,5552145,33.3,raw
667.639,5552149,33.3,raw
667.711,5552149,33.3,raw
667.907,5552147,33.3,raw
667.978,5552141,33.3,raw
668.171,5552131,33.3,raw
668.241,5552118,33.3,raw
668.435,5552106,33.3,raw
668.505,5552095,33.3,raw
668.702,5552089,33.3,raw
668.774,5552087,33.3,raw
668.967,5552086,33.3,raw
669.038,5552085,33.3,raw
669.231,5552085,33.3,raw
669.301,5552084,33.3,raw
669.495,5552084,33.3,raw
669.568,5552083,33.3,raw
669.764,5552081,33.3,raw
669.834,5552079,33.3,raw
670.028,5552076,33.3,raw
670.098,5552071,33.3,raw
670.291,5552068,33.3,raw
670.361,5552066,33.3,raw
670.558,5552064,33.3,raw
670.630,5552061,33.3,raw
670.824,5552056,33.3,raw
670.894,5552047,33.3,raw
671.088,5552038,33.3,raw
671.158,5552026,33.3,raw
671.352,5552013,33.3,raw
671.425,5551999,33.3,raw
671.621,5551984,33.3,raw
671.690,5551970,33.3,raw
671.885,5551959,33.3,raw
671.955,5551951,33.3,raw
672.149,5551945,33.3,raw
672.218,5551942,33.3,raw
672.416,5551942,33.3,raw
672.488,5551945,33.3,raw
672.681,5551948,33.3,raw
672.751,5551950,33.3,raw
672.945,5551949,33.3,raw
673.015,5551946,33.3,raw
673.209,5551942,33.3,raw
673.282,5551937,33.3,raw
673.478,5551932,33.3,raw
673.548,5551927,33.3,raw
673.741,5551923,33.3,raw
673.812,5551920,33.3,raw
674.005,5551917,33.3,raw
674.075,5551913,33.3,raw
674.273,5551909,33.3,raw
674.345,5551904,33.3,raw
674.538,5551898,33.3,raw
674.608,5551891,33.3,raw
674.801,5551884,33.3,raw
674.872,5551879,33.3,raw
675.065,5551875,33.3,raw
675.139,5551873,33.3,raw
675.334,5551871,33.3,raw
675.404,5551872,33.3,raw
675.599,5551874,33.3,raw
675.668,5551878,33.3,raw
675.862,5551881,33.3,raw
675.931,5551883,33.3,raw
676.129,5551883,33.3,raw
676.201,5551881,33.3,raw
676.395,5551877,33.3,raw
676.465,5551872,33.3,raw
676.658,5551866,33.3,raw
676.729,5551859,33.3,raw
676.922,5551852,33.3,raw
676.996,5551846,33.3,raw
677.192,5551841,33.3,raw
677.262,5551835,33.3,raw
677.455,5551829,33.3,raw
677.525,5551824,33.3,raw
677.719,5551819,33.3,raw
677.789,5551813,33.3,raw
677.987,5551808,33.3,raw
678.058,5551803,33.3,raw
678.252,5551799,33.3,raw
678.322,5551796,33.3,raw
678.516,5551794,33.3,raw
678.585,5551794,33.3,raw
678.780,5551794,33.3,raw
678.853,5551795,33.3,raw
679.049,5551796,33.3,raw
679.118,5551796,33.3,raw
679.312,5551796,33.3,raw
679.381,5551798,33.3,raw
679.576,5551801,33.3,raw
679.647,5551805,33.3,raw
679.843,5551810,33.3,raw
679.915,5551816,33.3,raw
680.109,5551824,33.3,raw
680.179,5551832,33.3,raw
680.372,5551842,33.3,raw
680.442,5551852,33.3,raw
680.637,5551863,33.3,raw
680.709,5551874,33.3,raw
680.905,5551885,33.3,raw
680.975,5551894,33.3,raw
681.169,5551903,33.3,raw
681.239,5551912,33.3,raw
681.433,5551919,33.3,raw
681.503,5551924,33.3,raw
681.700,5551928,33.3,raw
681.771,5551930,33.3,raw
681.965,5551930,33.3,raw
682.035,5551930,33.3,raw
682.229,5551927,33.3,raw
682.299,5551923,33.3,raw
682.494,5551918,33.3,raw
682.566,5551913,33.3,raw
682.762,5551907,33.3,raw
682.832,5551902,33.3,raw
683.026,5551898,33.3,raw
683.096,5551895,33.3,raw
683.290,5551891,33.3,raw
683.359,5551887,33.3,raw
683.557,5551882,33.3,raw
683.629,5551874,33.3,raw
683.822,5551863,33.3,raw
683.891,5551850,33.3,raw
684.086,5551835,33.3,raw
684.157,5551817,33.3,raw
684.350,5551798,33.3,raw
684.422,5551778,33.3,raw
684.618,5551758,33.3,raw
684.689,5551738,33.3,raw
684.882,5551718,33.3,raw
684.952,5551699,33.3,raw
685.146,5551684,33.3,raw
685.217,5551674,33.3,raw
685.414,5551667,33.3,raw
685.485,5551662,33.3,raw
685.679,5551660,33.3,raw
685.749,5551659,33.3,raw
685.943,5551656,33.3,raw
686.013,5551652,33.3,raw
686.207,5551647,33.3,raw
686.279,5551644,33.3,raw
686.476,5551642,33.3,raw
686.546,5551640,33.3,raw
686.740,5551639,33.3,raw
686.809,5551634,33.3,raw
687.004,5551625,33.3,raw
687.074,5551614,33.3,raw
687.270,5551602,33.3,raw
687.341,5551591,33.3,raw
687.536,5551585,33.3,raw
687.606,5551582,33.3,raw
687.800,5551581,33.3,raw
687.871,5551580,33.3,raw
688.064,5551580,33.3,raw
688.137,5551577,33.3,raw
688.333,5551575,33.3,raw
688.403,5551572,33.3,raw
688.597,5551569,33.3,raw
688.667,5551566,33.3,raw
688.860,5551563,33.3,raw
688.930,5551560,33.3,raw
689.127,5551556,33.3,raw
689.199,5551551,33.3,raw
689.392,5551543,33.3,raw
689.463,5551533,33.3,raw
689.656,5551521,33.3,raw
689.727,5551508,33.3,raw
689.921,5551495,33.3,raw
689.994,5551482,33.3,raw
690.190,5551473,33.3,raw
690.259,5551467,33.3,raw
690.454,5551462,33.3,raw
690.523,5551455,33.3,raw
690.717,5551447,33.3,raw
690.787,5551437,33.3,raw
690.984,5551427,33.3,raw
691.056,5551420,33.3,raw
691.250,5551415,33.3,raw
691.320,5551414,33.3,raw
691.514,5551413,33.3,raw
691.583,5551408,33.3,raw
691.778,5551399,33.3,raw
691.850,5551387,33.3,raw
692.046,5551373,33.3,raw
692.116,5551358,33.3,raw
692.310,5551344,33.3,raw
692.380,5551333,33.3,raw
692.574,5551324,33.3,raw
692.644,5551317,33.3,raw
692.841,5551312,33.3,raw
692.913,5551309,33.3,raw
693.107,5551307,33.3,raw
693.177,5551303,33.3,raw
693.370,5551298,33.3,raw
693.441,5551291,33.3,raw
693.634,5551283,33.3,raw
693.708,5551275,33.3,raw
693.903,5551269,33.3,raw
693.973,5551264,33.3,raw
694.167,5551260,33.3,raw
694.237,5551259,33.3,raw
694.431,5551257,33.3,raw
694.501,5551254,33.3,raw
694.698,5551253,33.3,raw
694.770,5551253,33.3,raw
694.964,5551252,33.3,raw
695.033,5551251,33.3,raw
695.228,5551249,33.3,raw
695.297,5551244,33.3,raw
695.491,5551238,33.3,raw
695.565,5551229,33.3,raw
695.760,5551218,33.3,raw
695.830,5551208,33.3,raw
696.024,5551197,33.3,raw
696.094,5551185,33.3,raw
696.287,5551172,33.3,raw
696.358,5551162,33.3,raw
696.555,5551153,33.3,raw
696.626,5551145,33.3,raw
696.820,5551139,33.3,raw
696.891,5551132,33.3,raw
697.084,5551125,33.3,raw
697.154,5551118,33.3,raw
697.348,5551111,33.3,raw
697.421,5551107,33.3,raw
697.617,5551105,33.3,raw
697.688,5551105,33.3,raw
697.881,5551106,33.3,raw
697.950,5551108,33.3,raw
698.145,5551108,33.3,raw
698.215,5551108,33.3,raw
698.412,5551106,33.3,raw
698.484,5551101,33.3,raw
698.677,5551094,33.3,raw
698.747,5551085,33.3,raw
698.941,5551076,33.3,raw
699.010,5551067,33.3,raw
699.205,5551058,33.3,raw
699.279,5551050,33.3,raw
699.474,5551041,33.3,raw
699.543,5551032,33.3,raw
699.737,5551024,33.3,raw
699.808,5551016,33.3,raw
700.001,5551011,33.3,raw
700.071,5551006,33.3,raw
700.269,5551003,33.3,raw
700.340,5551002,33.3,raw
700.534,5551002,33.3,raw
700.604,5551000,33.3,raw
700.798,5550998,33.3,raw
700.869,5550995,33.3,raw
701.062,5550989,33.3,raw
701.135,5550983,33.3,raw
701.330,5550976,33.3,raw
701.400,5550969,33.3,raw
701.595,5550961,33.3,raw
701.664,5550953,33.3,raw
701.859,5550944,33.3,raw
701.928,5550934,33.3,raw
702.125,5550924,33.3,raw
702.197,5550914,33.3,raw
702.391,5550905,33.3,raw
702.461,5550898,33.3,raw
702.655,5550892,33.3,raw
702.725,5550886,33.3,raw
702.919,5550883,33.3,raw
702.992,5550881,33.3,raw
703.187,5550879,33.3,raw
703.258,5550876,33.3,raw
703.452,5550871,33.3,raw
703.521,5550864,33.3,raw
703.715,5550858,33.3,raw
703.786,5550853,33.3,raw
703.982,5550850,33.3,raw
704.054,5550849,33.3,raw
704.248,5550849,33.3,raw
704.318,5550850,33.3,raw
704.512,5550852,33.3,raw
704.581,5550853,33.3,raw
704.776,5550853,33.3,raw
704.849,5550852,33.3,raw
705.045,5550850,33.3,raw
705.114,5550847,33.3,raw
705.308,5550847,33.3,raw
705.378,5550847,33.3,raw
705.572,5550847,33.3,raw
705.643,5550847,33.3,raw
705.839,5550846,33.3,raw
705.912,5550845,33.3,raw
706.105,5550843,33.3,raw
706.175,5550841,33.3,raw
706.369,5550840,33.3,raw
706.439,5550839,33.3,raw
706.633,5550839,33.3,raw
706.706,5550839,33.3,raw
706.901,5550839,33.3,raw
706.971,5550840,33.3,raw
707.166,5550841,33.3,raw
707.236,5550839,33.3,raw
707.429,5550838,33.3,raw
707.499,5550838,33.3,raw
707.696,5550838,33.3,raw
707.768,5550837,33.3,raw
707.962,5550839,33.3,raw
708.032,5550843,33.3,raw
708.225,5550848,33.3,raw
708.295,5550853,33.3,raw
708.489,5550857,33.3,raw
708.562,5550860,33.3,raw
708.758,5550860,33.3,raw
708.828,5550860,33.3,raw
709.022,5550860,33.3,raw
709.092,5550860,33.3,raw
709.286,5550859,33.3,raw
709.355,5550857,33.3,raw
709.553,5550851,33.3,raw
709.624,5550843,33.3,raw
709.818,5550836,33.3,raw
709.889,5550831,33.3,raw
710.082,5550828,33.3,raw
710.153,5550827,33.3,raw
710.346,5550827,33.3,raw
710.419,5550824,33.3,raw
710.615,5550819,33.3,raw
710.685,5550812,33.3,raw
710.878,5550803,33.3,raw
710.949,5550792,33.3,raw
711.142,5550780,33.3,raw
711.213,5550768,33.3,raw
711.410,5550757,33.3,raw
711.482,5550749,33.3,raw
711.676,5550743,33.3,raw
711.745,5550737,33.3,raw
711.939,5550735,33.3,raw
712.008,5550735,33.3,raw
712.203,5550735,33.3,raw
712.277,5550734,33.3,raw
712.472,5550733,33.3,raw
712.542,5550733,33.3,raw
712.736,5550734,33.3,raw
712.806,5550737,33.3,raw
713.000,5550743,33.3,raw
713.070,5550751,33.3,raw
713.267,5550761,33.3,raw
713.339,5550773,33.3,raw
713.532,5550786,33.3,raw
713.602,5550801,33.3,raw
713.797,5550818,33.3,raw
713.866,5550836,33.3,raw
714.060,5550854,33.3,raw
714.133,5550872,33.3,raw
714.329,5550888,33.3,raw
714.399,5550903,33.3,raw
714.592,5550915,33.3,raw
714.662,5550927,33.3,raw
714.857,5550939,33.3,raw
714.927,5550951,33.3,raw
715.123,5550962,33.3,raw
715.196,5550973,33.3,raw
715.389,5550984,33.3,raw
715.459,5550993,33.3,raw
715.653,5551001,33.3,raw
715.723,5551008,33.3,raw
715.917,5551014,33.3,raw
715.990,5551018,33.3,raw
716.186,5551022,33.3,raw
716.255,5551024,33.3,raw
716.449,5551026,33.3,raw
716.519,5551028,33.3,raw
716.714,5551029,33.3,raw
716.782,5551029,33.3,raw
716.981,5551027,33.3,raw
717.052,5551023,33.3,raw
717.246,5551018,33.3,raw
717.315,5551011,33.3,raw
717.510,5551003,33.3,raw
717.580,5550994,33.3,raw
717.774,5550985,33.3,raw
717.847,5550977,33.3,raw
718.042,5550969,33.3,raw
718.112,5550960,33.3,raw
718.306,5550951,33.3,raw
718.376,5550939,33.3,raw
718.570,5550925,33.3,raw
718.640,5550910,33.3,raw
718.837,5550898,33.3,raw
718.909,5550889,33.3,raw
719.103,5550882,33.3,raw
719.173,5550877,33.3,raw
719.366,5550874,33.3,raw
719.436,5550873,33.3,raw
719.630,5550872,33.3,raw
719.703,5550872,33.3,raw
719.899,5550873,33.3,raw
719.969,5550874,33.3,raw
720.163,5550875,33.3,raw
720.233,5550876,33.3,raw
720.427,5550876,33.3,raw
720.497,5550877,33.3,raw
720.694,5550880,33.3,raw
720.766,5550885,33.3,raw
720.960,5550890,33.3,raw
721.030,5550897,33.3,raw
721.223,5550903,33.3,raw
721.294,5550909,33.3,raw
721.487,5550915,33.3,raw
721.560,5550921,33.3,raw
721.756,5550927,33.3,raw
721.827,5550934,33.3,raw
722.020,5550938,33.3,raw
722.089,5550940,33.3,raw
722.284,5550940,33.3,raw
722.354,5550940,33.3,raw
722.551,5550940,33.3,raw
722.623,5550943,33.3,raw
722.817,5550951,33.3,raw
722.886,5550961,33.3,raw
723.080,5550971,33.3,raw
723.150,5550980,33.3,raw
723.344,5550988,33.3,raw
723.417,5550994,33.3,raw
723.613,5550998,33.3,raw
723.683,5551000,33.3,raw
723.877,5550999,33.3,raw
723.947,5550995,33.3,raw
724.140,5550989,33.3,raw
724.211,5550984,33.3,raw
724.408,5550981,33.3,raw
724.479,5550981,33.3,raw
724.673,5550983,33.3,raw
724.743,5550984,33.3,raw
724.938,5550985,33.3,raw
725.008,5550987,33.3,raw
725.201,5550990,33.3,raw
725.274,5550993,33.3,raw
725.470,5550996,33.3,raw
725.540,5551000,33.3,raw
725.734,5551003,33.3,raw
725.804,5551006,33.3,raw
725.998,5551009,33.3,raw
726.068,5551010,33.3,raw
726.265,5551011,33.3,raw
726.336,5551012,33.3,raw
726.530,5551013,33.3,raw
726.600,5551013,33.3,raw
726.794,5551011,33.3,raw
726.864,5551007,33.3,raw
727.058,5550999,33.3,raw
727.131,5550990,33.3,raw
727.327,5550983,33.3,raw
727.397,5550978,33.3,raw
727.590,5550976,33.3,raw
727.661,5550975,33.3,raw
727.854,5550975,33.3,raw
727.925,5550975,33.3,raw
728.122,5550977,33.3,raw
728.194,5550982,33.3,raw
728.387,5550990,33.3,raw
728.457,5550999,33.3,raw
728.651,5551005,33.3,raw
728.721,5551008,33.3,raw
728.915,5551008,33.3,raw
728.988,5551006,33.3,raw
729.184,5551002,33.3,raw
729.253,5550997,33.3,raw
729.448,5550991,33.3,raw
729.517,5550984,33.3,raw
729.711,5550977,33.3,raw
729.782,5550967,33.3,raw
729.978,5550956,33.3,raw
730.050,5550944,33.3,raw
730.244,5550932,33.3,raw
730.314,5550923,33.3,raw
730.508,5550917,33.3,raw
730.578,5550914,33.3,raw
730.772,5550913,33.3,raw
730.845,5550913,33.3,raw
731.040,5550914,33.3,raw
731.111,5550915,33.3,raw
731.305,5550917,33.3,raw
731.374,5550920,33.3,raw
731.568,5550922,33.3,raw
731.639,5550922,33.3,raw
731.835,5550921,33.3,raw
731.907,5550919,33.3,raw
732.101,5550914,33.3,raw
732.171,5550910,33.3,raw
732.365,5550906,33.3,raw
732.435,5550900,33.3,raw
732.629,5550892,33.3,raw
732.701,5550883,33.3,raw
732.897,5550874,33.3,raw
732.968,5550864,33.3,raw
733.161,5550853,33.3,raw
733.231,5550841,33.3,raw
733.425,5550831,33.3,raw
733.494,5550823,33.3,raw
733.693,5550815,33.3,raw
733.764,5550807,33.3,raw
733.958,5550798,33.3,raw
734.028,5550790,33.3,raw
734.222,5550782,33.3,raw
734.291,5550773,33.3,raw
734.486,5550763,33.3,raw
734.558,5550752,33.3,raw
734.755,5550739,33.3,raw
734.824,5550725,33.3,raw
735.018,5550713,33.3,raw
735.088,5550703,33.3,raw
735.282,5550694,33.3,raw
735.352,5550687,33.3,raw
735.549,5550682,33.3,raw
735.621,5550676,33.3,raw
735.815,5550670,33.3,raw
735.884,5550665,33.3,raw
736.078,5550658,33.3,raw
736.149,5550652,33.3,raw
736.342,5550645,33.3,raw
736.415,5550637,33.3,raw
736.611,5550628,33.3,raw
736.681,5550618,33.3,raw
736.875,5550608,33.3,raw
736.945,5550597,33.3,raw
737.139,5550588,33.3,raw
737.209,5550583,33.3,raw
737.407,5550581,33.3,raw
737.478,5550581,33.3,raw
737.671,5550580,33.3,raw
737.742,5550578,33.3,raw
737.935,5550575,33.3,raw
738.005,5550571,33.3,raw
738.200,5550569,33.3,raw
738.273,5550568,33.3,raw
738.469,5550568,33.3,raw
738.538,5550571,33.3,raw
738.732,5550577,33.3,raw
738.802,5550585,33.3,raw
738.995,5550593,33.3,raw
739.066,5550603,33.3,raw
739.263,5550611,33.3,raw
739.335,5550617,33.3,raw
739.528,5550620,33.3,raw
739.599,5550622,33.3,raw
739.792,5550623,33.3,raw
739.862,5550624,33.3,raw
740.056,5550625,33.3,raw
740.129,5550625,33.3,raw
740.325,5550626,33.3,raw
740.395,5550626,33.3,raw
740.589,5550627,33.3,raw
740.659,5550629,33.3,raw
740.853,5550632,33.3,raw
740.922,5550637,33.3,raw
741.119,5550642,33.3,raw
741.191,5550648,33.3,raw
741.385,5550653,33.3,raw
741.455,5550658,33.3,raw
741.649,5550662,33.3,raw
741.720,5550666,33.3,raw
741.913,5550670,33.3,raw
741.986,5550673,33.3,raw
742.182,5550676,33.3,raw
742.252,5550679,33.3,raw
742.446,5550682,33.3,raw
742.516,5550686,33.3,raw
742.709,5550689,33.3,raw
742.780,5550691,33.3,raw
742.977,5550691,33.3,raw
743.049,5550690,33.3,raw
743.242,5550687,33.3,raw
743.312,5550681,33.3,raw
743.507,5550674,33.3,raw
743.576,5550666,33.3,raw
743.769,5550657,33.3,raw
743.842,5550646,33.3,raw
744.038,5550635,33.3,raw
744.109,5550623,33.3,raw
744.303,5550610,33.3,raw
744.373,5550598,33.3,raw
744.566,5550586,33.3,raw
744.637,5550574,33.3,raw
744.833,5550564,33.3,raw
744.905,5550558,33.3,raw
745.099,5550555,33.3,raw
745.169,5550555,33.3,raw
745.364,5550556,33.3,raw
745.433,5550557,33.3,raw
745.627,5550557,33.3,raw
745.700,5550556,33.3,raw
745.896,5550554,33.3,raw
745.965,5550552,33.3,raw
746.159,5550550,33.3,raw
746.229,5550548,33.3,raw
746.424,5550548,33.3,raw
746.493,5550550,33.3,raw
746.690,5550553,33.3,raw
746.762,5550557,33.3,raw
746.956,5550562,33.3,raw
747.026,5550566,33.3,raw
747.220,5550570,33.3,raw
747.290,5550577,33.3,raw
747.483,5550585,33.3,raw
747.557,5550595,33.3,raw
747.753,5550609,33.3,raw
747.823,5550625,33.3,raw
748.016,5550643,33.3,raw
748.086,5550663,33.3,raw
748.280,5550683,33.3,raw
748.350,5550700,33.3,raw
748.548,5550715,33.3,raw
748.618,5550727,33.3,raw
748.813,5550736,33.3,raw
748.883,5550743,33.3,raw
749.077,5550748,33.3,raw
749.147,5550749,33.3,raw
749.340,5550750,33.3,raw
749.414,5550750,33.3,raw
749.610,5550750,33.3,raw
749.679,5550750,33.3,raw
749.873,5550750,33.3,raw
749.944,5550750,33.3,raw
750.137,5550750,33.3,raw
750.207,5550749,33.3,raw
750.404,5550748,33.3,raw
750.475,5550747,33.3,raw
750.670,5550745,33.3,raw
750.739,5550742,33.3,raw
750.933,5550738,33.3,raw
751.004,5550737,33.3,raw
751.197,5550735,33.3,raw
751.270,5550733,33.3,raw
751.466,5550730,33.3,raw
751.536,5550725,33.3,raw
751.731,5550717,33.3,raw
751.800,5550708,33.3,raw
751.994,5550694,33.3,raw
752.063,5550678,33.3,raw
752.261,5550662,33.3,raw
752.332,5550647,33.3,raw
752.527,5550634,33.3,raw
752.597,5550626,33.3,raw
752.790,5550622,33.3,raw
752.860,5550622,33.3,raw
753.054,5550625,33.3,raw
753.127,5550627,33.3,raw
753.323,5550627,33.3,raw
753.394,5550627,33.3,raw
753.587,5550626,33.3,raw
753.657,5550624,33.3,raw
753.851,5550622,33.3,raw
753.921,5550619,33.3,raw
754.118,5550617,33.3,raw
754.189,5550616,33.3,raw
754.384,5550616,33.3,raw
754.454,5550616,33.3,raw
754.647,5550618,33.3,raw
754.717,5550619,33.3,raw
754.911,5550619,33.3,raw
754.984,5550617,33.3,raw
755.180,5550613,33.3,raw
755.250,5550606,33.3,raw
755.443,5550598,33.3,raw
755.514,5550589,33.3,raw
755.708,5550580,33.3,raw
755.777,5550573,33.3,raw
755.975,5550567,33.3,raw
756.047,5550562,33.3,raw
756.240,5550559,33.3,raw
756.310,5550558,33.3,raw
756.505,5550558,33.3,raw
756.574,5550559,33.3,raw
756.768,5550560,33.3,raw
756.841,5550560,33.3,raw
757.037,5550556,33.3,raw
757.107,5550550,33.3,raw
757.300,5550542,33.3,raw
757.371,5550539,33.3,raw
757.565,5550539,33.3,raw
757.635,5550542,33.3,raw
757.831,5550545,33.3,raw
757.903,5550547,33.3,raw
758.098,5550548,33.3,raw
758.167,5550548,33.3,raw
758.361,5550548,33.3,raw
758.431,5550548,33.3,raw
758.625,5550546,33.3,raw
758.698,5550543,33.3,raw
758.894,5550540,33.3,raw
758.964,5550537,33.3,raw
759.158,5550534,33.3,raw
759.227,5550531,33.3,raw
759.422,5550527,33.3,raw
759.491,5550523,33.3,raw
759.689,5550519,33.3,raw
759.760,5550517,33.3,raw
759.954,5550517,33.3,raw
760.024,5550518,33.3,raw
760.218,5550520,33.3,raw
760.288,5550521,33.3,raw
760.481,5550521,33.3,raw
760.555,5550518,33.3,raw
760.751,5550511,33.3,raw
760.821,5550501,33.3,raw
761.015,5550486,33.3,raw
761.085,5550467,33.3,raw
761.278,5550448,33.3,raw
761.348,5550428,33.3,raw
761.545,5550406,33.3,raw
761.617,5550382,33.3,raw
761.811,5550358,33.3,raw
761.881,5550334,33.3,raw
762.075,5550311,33.3,raw
762.144,5550288,33.3,raw
762.339,5550266,33.3,raw
762.412,5550245,33.3,raw
762.607,5550226,33.3,raw
762.677,5550205,33.3,raw
762.871,5550186,33.3,raw
762.941,5550167,33.3,raw
763.135,5550151,33.3,raw
763.205,5550137,33.3,raw
763.402,5550127,33.3,raw
763.474,5550120,33.3,raw
763.668,5550116,33.3,raw
763.738,5550116,33.3,raw
763.932,5550119,33.3,raw
764.002,5550124,33.3,raw
764.196,5550131,33.3,raw
764.269,5550139,33.3,raw
764.465,5550149,33.3,raw
764.535,5550160,33.3,raw
764.728,5550171,33.3,raw
764.799,5550181,33.3,raw
764.992,5550191,33.3,raw
765.062,5550201,33.3,raw
765.259,5550214,33.3,raw
765.331,5550231,33.3,raw
765.525,5550251,33.3,raw
765.595,5550273,33.3,raw
765.789,5550298,33.3,raw
765.859,5550322,33.3,raw
766.052,5550346,33.3,raw
766.126,5550367,33.3,raw
766.321,5550386,33.3,raw
766.391,5550403,33.3,raw
766.585,5550422,33.3,raw
766.655,5550442,33.3,raw
766.849,5550464,33.3,raw
766.918,5550489,33.3,raw
767.116,5550513,33.3,raw
767.187,5550534,33.3,raw
767.382,5550549,33.3,raw
767.452,5550551,33.3,raw
767.645,5550542,33.3,raw
767.715,5550525,33.3,raw
767.910,5550503,33.3,raw
767.983,5550480,33.3,raw
768.178,5550457,33.3,raw
768.248,5550432,33.3,raw
768.441,5550406,33.3,raw
768.512,5550382,33.3,raw
768.706,5550360,33.3,raw
768.776,5550340,33.3,raw
768.972,5550323,33.3,raw
769.044,5550308,33.3,raw
769.239,5550296,33.3,raw
769.308,5550285,33.3,raw
769.502,5550276,33.3,raw
769.572,5550266,33.3,raw
769.766,5550256,33.3,raw
769.839,5550247,33.3,raw
770.035,5550239,33.3,raw
770.105,5550233,33.3,raw
770.299,5550229,33.3,raw
770.368,5550226,33.3,raw
770.562,5550226,33.3,raw
770.633,5550228,33.3,raw
770.829,5550228,33.3,raw
770.901,5550227,33.3,raw
771.096,5550224,33.3,raw
771.166,5550218,33.3,raw
771.359,5550210,33.3,raw
771.429,5550204,33.3,raw
771.623,5550199,33.3,raw
771.696,5550200,33.3,raw
771.892,5550207,33.3,raw
771.962,5550217,33.3,raw
772.156,5550228,33.3,raw
772.226,5550237,33.3,raw
772.419,5550244,33.3,raw
772.489,5550249,33.3,raw
772.686,5550252,33.3,raw
772.758,5550252,33.3,raw
772.952,5550250,33.3,raw
773.022,5550248,33.3,raw
773.216,5550246,33.3,raw
773.286,5550244,33.3,raw
773.480,5550242,33.3,raw
773.552,5550241,33.3,raw
773.749,5550240,33.3,raw
773.818,5550238,33.3,raw
774.013,5550236,33.3,raw
774.083,5550233,33.3,raw
774.277,5550228,33.3,raw
774.347,5550221,33.3,raw
774.543,5550216,33.3,raw
774.615,5550211,33.3,raw
774.810,5550207,33.3,raw
774.879,5550202,33.3,raw
775.073,5550198,33.3,raw
775.143,5550192,33.3,raw
775.337,5550183,33.3,raw
775.409,5550175,33.3,raw
775.605,5550167,33.3,raw
775.676,5550159,33.3,raw
775.869,5550151,33.3,raw
775.939,5550147,33.3,raw
776.133,5550147,33.3,raw
776.203,5550151,33.3,raw
776.400,5550158,33.3,raw
776.473,5550167,33.3,raw
776.666,5550177,33.3,raw
776.736,5550186,33.3,raw
776.930,5550195,33.3,raw
776.999,5550204,33.3,raw
777.193,5550211,33.3,raw
777.267,5550217,33.3,raw
777.463,5550223,33.3,raw
777.533,5550229,33.3,raw
777.726,5550235,33.3,raw
777.796,5550241,33.3,raw
777.990,5550246,33.3,raw
778.060,5550251,33.3,raw
778.257,5550253,33.3,raw
778.329,5550255,33.3,raw
778.522,5550256,33.3,raw
778.592,5550257,33.3,raw
778.787,5550256,33.3,raw
778.856,5550253,33.3,raw
779.050,5550249,33.3,raw
779.123,5550246,33.3,raw
779.320,5550244,33.3,raw
779.390,5550244,33.3,raw
779.583,5550246,33.3,raw
779.653,5550249,33.3,raw
779.847,5550254,33.3,raw
779.917,5550259,33.3,raw
780.114,5550265,33.3,raw
780.186,5550272,33.3,raw
780.380,5550278,33.3,raw
780.449,5550284,33.3,raw
780.644,5550288,33.3,raw
780.714,5550292,33.3,raw
780.907,5550294,33.3,raw
780.981,5550294,33.3,raw
781.176,5550293,33.3,raw
781.246,5550290,33.3,raw
781.440,5550286,33.3,raw
781.510,5550279,33.3,raw
781.703,5550269,33.3,raw
781.774,5550253,33.3,raw
781.970,5550232,33.3,raw
782.042,5550206,33.3,raw
782.237,5550176,33.3,raw
782.306,5550142,33.3,raw
782.501,5550107,33.3,raw
782.570,5550071,33.3,raw
782.764,5550038,33.3,raw
782.837,5550008,33.3,raw
783.033,5549982,33.3,raw
783.103,5549958,33.3,raw
783.297,5549936,33.3,raw
783.367,5549914,33.3,raw
783.561,5549890,33.3,raw
783.630,5549865,33.3,raw
783.828,5549839,33.3,raw
783.899,5549814,33.3,raw
784.093,5549797,33.3,raw
784.163,5549786,33.3,raw
784.357,5549779,33.3,raw
784.427,5549777,33.3,raw
784.621,5549777,33.3,raw
784.694,5549777,33.3,raw
784.890,5549779,33.3,raw
784.960,5549781,33.3,raw
785.153,5549783,33.3,raw
785.224,5549784,33.3,raw
785.418,5549787,33.3,raw
785.488,5549790,33.3,raw
785.685,5549793,33.3,raw
785.757,5549799,33.3,raw
785.950,5549806,33.3,raw
786.021,5549816,33.3,raw
786.214,5549822,33.3,raw
786.284,5549824,33.3,raw
786.478,5549824,33.3,raw
786.551,5549823,33.3,raw
786.747,5549823,33.3,raw
786.816,5549821,33.3,raw
787.011,5549817,33.3,raw
787.081,5549808,33.3,raw
787.275,5549795,33.3,raw
787.345,5549779,33.3,raw
787.541,5549762,33.3,raw
787.614,5549747,33.3,raw
787.807,5549738,33.3,raw
787.877,5549733,33.3,raw
788.070,5549732,33.3,raw
788.141,5549733,33.3,raw
788.334,5549730,33.3,raw
788.408,5549723,33.3,raw
788.603,5549715,33.3,raw
788.673,5549706,33.3,raw
788.867,5549698,33.3,raw
788.937,5549689,33.3,raw
789.131,5549679,33.3,raw
789.201,5549670,33.3,raw
789.398,5549662,33.3,raw
789.470,5549659,33.3,raw
789.664,5549656,33.3,raw
789.735,5549656,33.3,raw
789.927,5549658,33.3,raw
789.997,5549661,33.3,raw
790.191,5549662,33.3,raw
790.265,5549664,33.3,raw
790.460,5549674,33.3,raw
790.530,5549689,33.3,raw
790.725,5549708,33.3,raw
790.794,5549734,33.3,raw
790.988,5549759,33.3,raw
791.058,5549788,33.3,raw
791.255,5549819,33.3,raw
791.327,5549854,33.3,raw
791.521,5549891,33.3,raw
791.591,5549931,33.3,raw
791.785,5549971,33.3,raw
791.855,5550009,33.3,raw
792.048,5550042,33.3,raw
792.121,5550071,33.3,raw
792.317,5550097,33.3,raw
792.387,5550121,33.3,raw
792.582,5550144,33.3,raw
792.651,5550164,33.3,raw
792.845,5550177,33.3,raw
792.915,5550184,33.3,raw
793.112,5550186,33.3,raw
793.184,5550190,33.3,raw
793.377,5550195,33.3,raw
793.447,5550202,33.3,raw
793.642,5550207,33.3,raw
793.712,5550210,33.3,raw
793.906,5550212,33.3,raw
793.978,5550213,33.3,raw
794.174,5550215,33.3,raw
794.245,5550218,33.3,raw
794.438,5550225,33.3,raw
794.507,5550232,33.3,raw
794.702,5550240,33.3,raw
794.772,5550248,33.3,raw
794.969,5550243,33.3,raw
795.041,5550223,33.3,raw
795.235,5550195,33.3,raw
795.305,5550157,33.3,raw
795.499,5550103,33.3,raw
795.568,5550045,33.3,raw
795.763,5550001,33.3,raw
795.835,5549968,33.3,raw
796.031,5549943,33.3,raw
796.101,5549923,33.3,raw
796.295,5549907,33.3,raw
796.365,5549892,33.3,raw
796.559,5549878,33.3,raw
796.629,5549863,33.3,raw
796.826,5549847,33.3,raw
796.898,5549826,33.3,raw
797.092,5549804,33.3,raw
797.161,5549782,33.3,raw
797.355,5549768,33.3,raw
797.426,5549757,33.3,raw
797.619,5549749,33.3,raw
797.692,5549744,33.3,raw
797.888,5549741,33.3,raw
797.958,5549740,33.3,raw
798.151,5549740,33.3,raw
798.221,5549740,33.3,raw
798.416,5549738,33.3,raw
798.485,5549737,33.3,raw
798.683,5549733,33.3,raw
798.755,5549730,33.3,raw
798.949,5549728,33.3,raw
799.018,5549729,33.3,raw
799.212,5549746,33.3,raw
799.282,5549778,33.3,raw
799.475,5549820,33.3,raw
799.548,5549870,33.3,raw
799.745,5549933,33.3,raw
799.815,5549996,33.3,raw
800.009,5550041,33.3,raw
800.079,5550072,33.3,raw
800.273,5550093,33.3,raw
800.343,5550107,33.3,raw
800.540,5550116,33.3,raw
800.611,5550122,33.3,raw
800.805,5550125,33.3,raw
800.875,5550126,33.3,raw
801.068,5550129,33.3,raw
801.138,5550137,33.3,raw
801.333,5550149,33.3,raw
801.406,5550165,33.3,raw
801.602,5550174,33.3,raw
801.672,5550178,33.3,raw
801.866,5550177,33.3,raw
801.936,5550171,33.3,raw
802.129,5550162,33.3,raw
802.200,5550151,33.3,raw
802.396,5550139,33.3,raw
802.468,5550129,33.3,raw
802.662,5550121,33.3,raw
802.732,5550113,33.3,raw
802.925,5550107,33.3,raw
802.996,5550101,33.3,raw
803.190,5550095,33.3,raw
803.263,5550084,33.3,raw
803.459,5550072,33.3,raw
803.529,5550058,33.3,raw
803.722,5550043,33.3,raw
803.793,5550029,33.3,raw
803.987,5550018,33.3,raw
804.056,5550010,33.3,raw
804.253,5550005,33.3,raw
804.325,5550003,33.3,raw
804.518,5549999,33.3,raw
804.589,5549994,33.3,raw
804.783,5549988,33.3,raw
804.853,5549983,33.3,raw
805.047,5549977,33.3,raw
805.119,5549972,33.3,raw
805.316,5549968,33.3,raw
805.386,5549964,33.3,raw
805.580,5549961,33.3,raw
805.649,5549959,33.3,raw
805.843,5549959,33.3,raw
805.913,5549959,33.3,raw
806.110,5549961,33.3,raw
806.182,5549965,33.3,raw
806.375,5549970,33.3,raw
806.446,5549975,33.3,raw
806.640,5549980,33.3,raw
806.710,5549984,33.3,raw
806.904,5549985,33.3,raw
806.976,5549985,33.3,raw
807.173,5549981,33.3,raw
807.243,5549974,33.3,raw
807.436,5549967,33.3,raw
807.506,5549965,33.3,raw
807.700,5549965,33.3,raw
807.770,5549965,33.3,raw
807.967,5549966,33.3,raw
808.038,5549967,33.3,raw
808.233,5549969,33.3,raw
808.303,5549970,33.3,raw
808.497,5549971,33.3,raw
808.567,5549973,33.3,raw
808.760,5549978,33.3,raw
808.833,5549988,33.3,raw
809.030,5549999,33.3,raw
809.100,5550011,33.3,raw
809.292,5550025,33.3,raw
809.363,5550038,33.3,raw
809.558,5550050,33.3,raw
809.627,5550057,33.3,raw
809.824,5550059,33.3,raw
809.896,5550063,33.3,raw
810.090,5550067,33.3,raw
810.160,5550071,33.3,raw
810.354,5550074,33.3,raw
810.423,5550076,33.3,raw
810.617,5550076,33.3,raw
810.690,5550076,33.3,raw
810.886,5550075,33.3,raw
810.956,5550073,33.3,raw
811.151,5550070,33.3,raw
811.220,5550066,33.3,raw
811.414,5550063,33.3,raw
811.483,5550061,33.3,raw
811.680,5550059,33.3,raw
811.753,5550058,33.3,raw
811.946,5550058,33.3,raw
812.017,5550059,33.3,raw
812.211,5550059,33.3,raw
812.280,5550060,33.3,raw
812.474,5550061,33.3,raw
812.547,5550062,33.3,raw
812.743,5550062,33.3,raw
812.814,5550060,33.3,raw
813.007,5550058,33.3,raw
813.076,5550053,33.3,raw
813.271,5550045,33.3,raw
813.340,5550036,33.3,raw
813.537,5550027,33.3,raw
813.609,5550018,33.3,raw
813.803,5550009,33.3,raw
813.873,5550004,33.3,raw
814.067,5550002,33.3,raw
814.137,5549994,33.3,raw
814.331,5549983,33.3,raw
814.403,5549965,33.3,raw
814.599,5549941,33.3,raw
814.670,5549919,33.3,raw
814.863,5549900,33.3,raw
814.934,5549884,33.3,raw
815.127,5549873,33.3,raw
815.197,5549864,33.3,raw
815.394,5549859,33.3,raw
815.467,5549858,33.3,raw
815.660,5549859,33.3,raw
815.731,5549863,33.3,raw
815.924,5549867,33.3,raw
815.994,5549872,33.3,raw
816.188,5549876,33.3,raw
816.260,5549881,33.3,raw
816.457,5549886,33.3,raw
816.526,5549891,33.3,raw
816.721,5549895,33.3,raw
816.791,5549900,33.3,raw
816.984,5549905,33.3,raw
817.054,5549910,33.3,raw
817.251,5549914,33.3,raw
817.324,5549917,33.3,raw
817.516,5549920,33.3,raw
817.587,5549923,33.3,raw
817.781,5549926,33.3,raw
817.850,5549932,33.3,raw
818.045,5549941,33.3,raw
818.117,5549952,33.3,raw
818.313,5549966,33.3,raw
818.383,5549983,33.3,raw
818.577,5549998,33.3,raw
818.647,5550017,33.3,raw
818.841,5550038,33.3,raw
818.912,5550055,33.3,raw
819.108,5550067,33.3,raw
819.179,5550076,33.3,raw
819.373,5550080,33.3,raw
819.443,5550082,33.3,raw
819.637,5550082,33.3,raw
819.707,5550082,33.3,raw
819.902,5550082,33.3,raw
819.975,5550079,33.3,raw
820.171,5550075,33.3,raw
820.240,5550070,33.3,raw
820.433,5550065,33.3,raw
820.504,5550058,33.3,raw
820.698,5550051,33.3,raw
820.768,5550045,33.3,raw
820.965,5550039,33.3,raw
821.037,5550030,33.3,raw
821.231,5550017,33.3,raw
821.300,5550002,33.3,raw
821.494,5549985,33.3,raw
821.565,5549967,33.3,raw
821.758,5549952,33.3,raw
821.831,5549941,33.3,raw
822.027,5549933,33.3,raw
822.097,5549927,33.3,raw
822.291,5549922,33.3,raw
822.361,5549918,33.3,raw
822.555,5549913,33.3,raw
822.625,5549908,33.3,raw
822.821,5549904,33.3,raw
822.894,5549901,33.3,raw
823.087,5549898,33.3,raw
823.158,5549896,33.3,raw
823.351,5549895,33.3,raw
823.422,5549897,33.3,raw
823.615,5549902,33.3,raw
823.688,5549910,33.3,raw
823.884,5549918,33.3,raw
823.954,5549922,33.3,raw
824.148,5549924,33.3,raw
824.217,5549925,33.3,raw
824.412,5549925,33.3,raw
824.482,5549926,33.3,raw
824.679,5549930,33.3,raw
824.751,5549934,33.3,raw
824.943,5549938,33.3,raw
825.015,5549942,33.3,raw
825.208,5549946,33.3,raw
825.278,5549953,33.3,raw
825.472,5549965,33.3,raw
825.545,5549980,33.3,raw
825.741,5549997,33.3,raw
825.811,5550018,33.3,raw
826.005,5550038,33.3,raw
826.075,5550055,33.3,raw
826.268,5550069,33.3,raw
826.338,5550079,33.3,raw
826.536,5550086,33.3,raw
826.607,5550090,33.3,raw
826.801,5550093,33.3,raw
826.871,5550096,33.3,raw
827.065,5550101,33.3,raw
827.135,5550109,33.3,raw
827.329,5550119,33.3,raw
827.402,5550131,33.3,raw
827.597,5550144,33.3,raw
827.668,5550155,33.3,raw
827.862,5550160,33.3,raw
827.932,5550164,33.3,raw
828.125,5550164,33.3,raw
828.196,5550163,33.3,raw
828.392,5550161,33.3,raw
828.464,5550157,33.3,raw
828.658,5550149,33.3,raw
828.729,5550131,33.3,raw
828.922,5550106,33.3,raw
828.991,5550080,33.3,raw
829.185,5550053,33.3,raw
829.259,5550026,33.3,raw
829.454,5549999,33.3,raw
829.525,5549975,33.3,raw
829.718,5549954,33.3,raw
829.788,5549935,33.3,raw
829.983,5549917,33.3,raw
830.053,5549898,33.3,raw
830.250,5549879,33.3,raw
830.321,5549861,33.3,raw
830.515,5549845,33.3,raw
830.585,5549830,33.3,raw
830.780,5549819,33.3,raw
830.849,5549810,33.3,raw
831.043,5549801,33.3,raw
831.116,5549793,33.3,raw
831.312,5549779,33.3,raw
831.381,5549761,33.3,raw
831.575,5549744,33.3,raw
831.646,5549728,33.3,raw
831.839,5549712,33.3,raw
831.909,5549698,33.3,raw
832.106,5549690,33.3,raw
832.178,5549682,33.3,raw
832.371,5549677,33.3,raw
832.442,5549674,33.3,raw
832.635,5549673,33.3,raw
832.706,5549675,33.3,raw
832.899,5549682,33.3,raw
832.973,5549696,33.3,raw
833.169,5549715,33.3,raw
833.238,5549732,33.3,raw
833.432,5549747,33.3,raw
833.503,5549761,33.3,raw
833.696,5549775,33.3,raw
833.766,5549787,33.3,raw
833.963,5549798,33.3,raw
834.035,5549808,33.3,raw
834.228,5549817,33.3,raw
834.299,5549826,33.3,raw
834.493,5549835,33.3,raw
834.562,5549844,33.3,raw
834.757,5549852,33.3,raw
834.830,5549858,33.3,raw
835.025,5549862,33.3,raw
835.096,5549864,33.3,raw
835.289,5549864,33.3,raw
835.358,5549864,33.3,raw
835.553,5549868,33.3,raw
835.623,5549874,33.3,raw
835.820,5549878,33.3,raw
835.892,5549881,33.3,raw
836.086,5549882,33.3,raw
836.155,5549882,33.3,raw
836.349,5549882,33.3,raw
836.419,5549882,33.3,raw
836.613,5549884,33.3,raw
836.686,5549889,33.3,raw
836.882,5549896,33.3,raw
836.952,5549903,33.3,raw
837.146,5549911,33.3,raw
837.216,5549920,33.3,raw
837.410,5549931,33.3,raw
837.480,5549946,33.3,raw
837.677,5549963,33.3,raw
837.750,5549981,33.3,raw
837.943,5549998,33.3,raw
838.012,5550012,33.3,raw
838.207,5550024,33.3,raw
838.277,5550034,33.3,raw
838.471,5550042,33.3,raw
838.543,5550045,33.3,raw
838.739,5550045,33.3,raw
838.809,5550043,33.3,raw
839.003,5550037,33.3,raw
839.073,5550030,33.3,raw
839.266,5550022,33.3,raw
839.337,5550014,33.3,raw
839.534,5550010,33.3,raw
839.606,5550008,33.3,raw
839.799,5550005,33.3,raw
839.869,5550003,33.3,raw
840.063,5550002,33.3,raw
840.133,5550001,33.3,raw
840.327,5550001,33.3,raw
840.400,5550002,33.4,raw
840.596,5550003,33.4,raw
840.666,5550004,33.4,raw
840.860,5550004,33.4,raw
840.930,5550004,33.4,raw
841.123,5550002,33.4,raw
841.193,5549999,33.4,raw
841.391,5549993,33.3,raw
841.462,5549984,33.3,raw
841.656,5549972,33.3,raw
841.727,5549956,33.3,raw
841.920,5549939,33.3,raw
841.990,5549921,33.3,raw
842.183,5549902,33.3,raw
842.257,5549886,33.3,raw
842.453,5549873,33.3,raw
842.523,5549862,33.3,raw
842.717,5549853,33.3,raw
842.787,5549849,33.3,raw
842.980,5549846,33.3,raw
843.050,5549845,33.3,raw
843.247,5549845,33.4,raw
843.319,5549843,33.4,raw
843.513,5549840,33.4,raw
843.583,5549839,33.4,raw
843.777,5549837,33.4,raw
843.847,5549834,33.4,raw
844.041,5549832,33.4,raw
844.114,5549829,33.4,raw
844.310,5549826,33.4,raw
844.380,5549825,33.4,raw
844.573,5549823,33.4,raw
844.643,5549820,33.4,raw
844.837,5549816,33.4,raw
844.907,5549812,33.4,raw
845.104,5549808,33.4,raw
845.177,5549804,33.4,raw
845.370,5549800,33.4,raw
845.439,5549795,33.4,raw
845.634,5549789,33.4,raw
845.704,5549783,33.4,raw
845.897,5549772,33.4,raw
845.971,5549758,33.4,raw
846.166,5549741,33.4,raw
846.237,5549724,33.4,raw
846.430,5549708,33.4,raw
846.501,5549692,33.4,raw
846.695,5549679,33.4,raw
846.764,5549669,33.4,raw
846.961,5549660,33.4,raw
847.033,5549654,33.4,raw
847.227,5549651,33.4,raw
847.297,5549647,33.4,raw
847.490,5549645,33.4,raw
847.560,5549646,33.4,raw
847.754,5549646,33.4,raw
847.828,5549644,33.4,raw
848.023,5549640,33.4,raw
848.094,5549631,33.4,raw
848.287,5549622,33.4,raw
848.357,5549612,33.4,raw
848.551,5549603,33.4,raw
848.621,5549595,33.4,raw
848.818,5549587,33.4,raw
848.890,5549579,33.4,raw
849.084,5549572,33.4,raw
849.154,5549565,33.4,raw
849.348,5549558,33.4,raw
849.417,5549551,33.4,raw
849.612,5549544,33.4,raw
849.684,5549538,33.4,raw
849.881,5549534,33.4,raw
849.950,5549533,33.4,raw
850.143,5549539,33.4,raw
850.214,5549553,33.4,raw
850.407,5549572,33.4,raw
850.478,5549596,33.4,raw
850.675,5549620,33.4,raw
850.747,5549644,33.4,raw
850.941,5549665,33.4,raw
851.010,5549680,33.4,raw
851.205,5549690,33.4,raw
851.274,5549696,33.4,raw
851.468,5549699,33.4,raw
851.541,5549701,33.4,raw
851.737,5549703,33.4,raw
851.807,5549706,33.4,raw
852.001,5549711,33.4,raw
852.070,5549715,33.4,raw
852.265,5549720,33.4,raw
852.334,5549729,33.4,raw
852.532,5549738,33.4,raw
852.604,5549747,33.4,raw
852.797,5549755,33.4,raw
852.868,5549760,33.4,raw
853.062,5549761,33.4,raw
853.131,5549760,33.4,raw
853.325,5549758,33.4,raw
853.398,5549755,33.4,raw
853.594,5549752,33.4,raw
853.663,5549752,33.4,raw
853.858,5549753,33.4,raw
853.928,5549756,33.4,raw
854.122,5549759,33.4,raw
854.191,5549763,33.4,raw
854.388,5549765,33.4,raw
854.461,5549766,33.4,raw
854.654,5549766,33.4,raw
854.724,5549763,33.4,raw
854.918,5549759,33.4,raw
854.988,5549753,33.4,raw
855.182,5549747,33.4,raw
855.255,5549745,33.4,raw
855.450,5549745,33.4,raw
855.521,5549745,33.4,raw
855.715,5549744,33.4,raw
855.785,5549743,33.4,raw
855.978,5549742,33.4,raw
856.048,5549741,33.4,raw
856.245,5549741,33.4,raw
856.317,5549743,33.4,raw
856.512,5549744,33.4,raw
856.581,5549745,33.4,raw
856.775,5549745,33.4,raw
856.845,5549745,33.4,raw
857.039,5549744,33.4,raw
857.112,5549742,33.4,raw
857.307,5549740,33.4,raw
857.378,5549738,33.4,raw
857.571,5549735,33.4,raw
857.641,5549731,33.4,raw
857.836,5549725,33.4,raw
857.905,5549717,33.4,raw
858.103,5549707,33.4,raw
858.174,5549697,33.4,raw
858.368,5549688,33.4,raw
858.437,5549680,33.4,raw
858.632,5549672,33.4,raw
858.702,5549665,33.4,raw
858.895,5549661,33.4,raw
858.969,5549660,33.4,raw
859.164,5549661,33.4,raw
859.235,5549664,33.4,raw
859.428,5549668,33.4,raw
859.499,5549672,33.4,raw
859.692,5549676,33.4,raw
859.762,5549683,33.4,raw
859.959,5549692,33.4,raw
860.030,5549703,33.4,raw
860.225,5549713,33.4,raw
860.295,5549722,33.4,raw
860.488,5549729,33.4,raw
860.559,5549735,33.4,raw
860.752,5549739,33.4,raw
860.826,5549743,33.4,raw
861.021,5549745,33.4,raw
861.092,5549747,33.4,raw
861.285,5549749,33.4,raw
861.355,5549753,33.4,raw
861.549,5549759,33.4,raw
861.619,5549765,33.4,raw
861.816,5549772,33.4,raw
861.887,5549782,33.4,raw
862.082,5549792,33.4,raw
862.152,5549802,33.4,raw
862.346,5549813,33.4,raw
862.416,5549824,33.4,raw
862.609,5549835,33.4,raw
862.683,5549844,33.4,raw
862.878,5549853,33.4,raw
862.949,5549861,33.4,raw
863.142,5549867,33.4,raw
863.212,5549871,33.4,raw
863.406,5549873,33.4,raw
863.476,5549873,33.4,raw
863.674,5549872,33.4,raw
863.745,5549870,33.4,raw
863.939,5549865,33.4,raw
864.008,5549858,33.4,raw
864.202,5549849,33.4,raw
864.272,5549838,33.4,raw
864.466,5549827,33.4,raw
864.539,5549816,33.4,raw
864.735,5549807,33.4,raw
864.805,5549801,33.4,raw
864.999,5549797,33.4,raw
865.069,5549795,33.4,raw
865.263,5549795,33.4,raw
865.333,5549797,33.4,raw
865.529,5549801,33.4,raw
865.601,5549805,33.4,raw
865.796,5549812,33.4,raw
865.866,5549821,33.4,raw
866.059,5549829,33.4,raw
866.129,5549834,33.4,raw
866.324,5549839,33.4,raw
866.396,5549841,33.4,raw
866.592,5549841,33.4,raw
866.662,5549841,33.4,raw
866.856,5549842,33.4,raw
866.926,5549844,33.4,raw
867.119,5549846,33.4,raw
867.189,5549849,33.4,raw
867.387,5549853,33.4,raw
867.458,5549853,33.4,raw
867.653,5549850,33.4,raw
867.723,5549846,33.4,raw
867.916,5549841,33.4,raw
867.986,5549836,33.4,raw
868.180,5549833,33.4,raw
868.253,5549834,33.4,raw
868.449,5549837,33.4,raw
868.519,5549841,33.4,raw
868.713,5549847,33.4,raw
868.782,5549852,33.4,raw
868.977,5549855,33.4,raw
869.047,5549855,33.4,raw
869.243,5549853,33.4,raw
869.315,5549848,33.4,raw
869.509,5549844,33.4,raw
869.579,5549840,33.4,raw
869.773,5549836,33.4,raw
869.843,5549833,33.4,raw
870.037,5549829,33.4,raw
870.110,5549821,33.4,raw
870.307,5549815,33.4,raw
870.376,5549812,33.4,raw
870.570,5549810,33.4,raw
870.640,5549809,33.4,raw
870.833,5549809,33.4,raw
870.904,5549812,33.4,raw
871.101,5549815,33.4,raw
871.172,5549819,33.4,raw
871.366,5549821,33.4,raw
871.436,5549822,33.4,raw
871.630,5549821,33.4,raw
871.700,5549821,33.4,raw
871.894,5549821,33.4,raw
871.966,5549817,33.4,raw
872.162,5549809,33.4,raw
872.232,5549801,33.4,raw
872.426,5549796,33.4,raw
872.496,5549789,33.4,raw
872.690,5549784,33.4,raw
872.761,5549780,33.4,raw
872.957,5549777,33.4,raw
873.029,5549774,33.4,raw
873.224,5549773,33.4,raw
873.294,5549776,33.4,raw
873.487,5549783,33.4,raw
873.557,5549793,33.4,raw
873.751,5549801,33.4,raw
873.824,5549808,33.4,raw
874.020,5549813,33.4,raw
874.089,5549815,33.4,raw
874.283,5549816,33.4,raw
874.354,5549818,33.4,raw
874.547,5549819,33.4,raw
874.617,5549819,33.4,raw
874.814,5549819,33.4,raw
874.886,5549821,33.4,raw
875.080,5549822,33.4,raw
875.150,5549821,33.4,raw
875.344,5549818,33.4,raw
875.414,5549811,33.4,raw
875.607,5549803,33.4,raw
875.681,5549794,33.4,raw
875.876,5549786,33.4,raw
875.947,5549779,33.4,raw
876.140,5549776,33.4,raw
876.210,5549778,33.4,raw
876.404,5549783,33.4,raw
876.474,5549787,33.4,raw
876.671,5549787,33.4,raw
876.743,5549785,33.4,raw
876.936,5549782,33.4,raw
877.007,5549780,33.4,raw
877.201,5549780,33.4,raw
877.271,5549782,33.4,raw
877.465,5549786,33.4,raw
877.537,5549789,33.4,raw
877.733,5549789,33.4,raw
877.803,5549785,33.4,raw
877.997,5549779,33.4,raw
878.067,5549774,33.4,raw
878.261,5549770,33.4,raw
878.332,5549769,33.4,raw
878.528,5549769,33.4,raw
878.599,5549769,33.4,raw
878.794,5549769,33.4,raw
878.863,5549768,33.4,raw
879.058,5549767,33.4,raw
879.127,5549764,33.4,raw
879.322,5549761,33.4,raw
879.394,5549757,33.4,raw
879.590,5549754,33.4,raw
879.660,5549753,33.4,raw
879.854,5549755,33.4,raw
879.924,5549758,33.4,raw
880.118,5549764,33.4,raw
880.188,5549771,33.4,raw
880.385,5549779,33.4,raw
880.456,5549787,33.4,raw
880.650,5549796,33.4,raw
880.720,5549804,33.4,raw
880.915,5549813,33.4,raw
880.984,5549821,33.4,raw
881.178,5549825,33.4,raw
881.251,5549825,33.4,raw
881.447,5549819,33.4,raw
881.517,5549807,33.4,raw
881.711,5549792,33.4,raw
881.782,5549776,33.4,raw
881.974,5549764,33.4,raw
882.045,5549757,33.4,raw
882.241,5549753,33.4,raw
882.313,5549750,33.4,raw
882.507,5549747,33.4,raw
882.577,5549742,33.4,raw
882.771,5549736,33.4,raw
882.841,5549732,33.4,raw
883.035,5549729,33.4,raw
883.108,5549726,33.4,raw
883.304,5549723,33.4,raw
883.374,5549720,33.4,raw
883.567,5549716,33.4,raw
883.637,5549711,33.4,raw
883.832,5549707,33.4,raw
883.902,5549704,33.4,raw
884.098,5549700,33.4,raw
884.170,5549697,33.4,raw
884.365,5549693,33.4,raw
884.434,5549687,33.4,raw
884.628,5549681,33.4,raw
884.698,5549675,33.4,raw
884.892,5549669,33.4,raw
884.965,5549664,33.4,raw
885.160,5549659,33.4,raw
885.231,5549654,33.4,raw
885.424,5549652,33.4,raw
885.495,5549653,33.4,raw
885.688,5549656,33.4,raw
885.759,5549658,33.4,raw
885.955,5549660,33.4,raw
886.027,5549661,33.4,raw
886.222,5549660,33.4,raw
886.291,5549657,33.4,raw
886.485,5549654,33.4,raw
886.555,5549651,33.4,raw
886.748,5549649,33.4,raw
886.822,5549652,33.4,raw
887.018,5549661,33.4,raw
887.087,5549674,33.4,raw
887.281,5549691,33.4,raw
887.352,5549711,33.4,raw
887.545,5549736,33.4,raw
887.615,5549766,33.4,raw
887.812,5549799,33.4,raw
887.884,5549835,33.4,raw
888.078,5549873,33.4,raw
888.148,5549910,33.4,raw
888.342,5549947,33.4,raw
888.412,5549982,33.4,raw
888.606,5550016,33.4,raw
888.678,5550048,33.4,raw
888.875,5550079,33.4,raw
888.944,5550109,33.4,raw
889.138,5550141,33.4,raw
889.208,5550173,33.4,raw
889.402,5550205,33.4,raw
889.472,5550237,33.4,raw
889.669,5550269,33.4,raw
889.742,5550301,33.4,raw
889.935,5550333,33.4,raw
890.004,5550367,33.4,raw
890.198,5550403,33.4,raw
890.269,5550438,33.4,raw
890.462,5550476,33.4,raw
890.536,5550515,33.4,raw
890.731,5550553,33.4,raw
890.802,5550590,33.4,raw
890.995,5550624,33.4,raw
891.065,5550649,33.4,raw
891.259,5550658,33.4,raw
891.328,5550653,33.4,raw
891.526,5550639,33.4,raw
891.597,5550617,33.4,raw
891.791,5550589,33.4,raw
891.862,5550555,33.4,raw
892.055,5550525,33.4,raw
892.125,5550496,33.4,raw
892.319,5550470,33.4,raw
892.392,5550446,33.4,raw
892.588,5550426,33.4,raw
892.658,5550411,33.4,raw
892.852,5550401,33.4,raw
892.922,5550395,33.4,raw
893.116,5550391,33.4,raw
893.186,5550388,33.4,raw
893.383,5550383,33.4,raw
893.455,5550378,33.4,raw
893.648,5550374,33.4,raw
893.719,5550369,33.4,raw
893.912,5550364,33.4,raw
893.983,5550359,33.4,raw
894.176,5550353,33.4,raw
894.249,5550346,33.4,raw
894.445,5550340,33.4,raw
894.515,5550333,33.4,raw
894.709,5550324,33.4,raw
894.779,5550314,33.4,raw
894.972,5550305,33.4,raw
895.042,5550295,33.4,raw
895.239,5550286,33.4,raw
895.312,5550277,33.4,raw
895.506,5550279,33.4,raw
895.575,5550289,33.4,raw
895.769,5550301,33.4,raw
895.840,5550314,33.4,raw
896.033,5550328,33.4,raw
896.106,5550341,33.4,raw
896.303,5550354,33.4,raw
896.372,5550366,33.4,raw
896.565,5550377,33.4,raw
896.636,5550387,33.4,raw
896.830,5550394,33.4,raw
896.900,5550397,33.4,raw
897.096,5550397,33.4,raw
897.169,5550393,33.4,raw
897.363,5550387,33.4,raw
897.432,5550381,33.4,raw
897.626,5550376,33.4,raw
897.696,5550372,33.4,raw
897.889,5550372,33.4,raw
897.963,5550374,33.4,raw
898.158,5550379,33.4,raw
898.228,5550386,33.4,raw
898.423,5550395,33.4,raw
898.493,5550404,33.4,raw
898.686,5550414,33.4,raw
898.757,5550425,33.4,raw
898.954,5550437,33.4,raw
899.025,5550449,33.4,raw
899.219,5550462,33.4,raw
899.290,5550476,33.4,raw
899.483,5550492,33.4,raw
899.553,5550512,33.4,raw
899.747,5550530,33.4,raw
899.820,5550548,33.4,raw
900.015,5550569,33.4,raw
